0,0,0,0,0,0,0,0,0,0,0,0,0,0,0,0,0,0
0.01,0.00675675675675676,0,0.00675675675675676,0.0106134886945601,0,0,0,0,0,0,0,0,0,0,0,0,0
0.02,0.0135135135135135,0,0.0135135135135135,0.0212269773891202,0,0,0,0,0,0,0,0,0,0,0,0,0
0.03,0.0202702702702703,0,0.0202702702702703,0.0318404660836803,0,0,0,0,0,0,0,0,0,0,0,0,0
0.04,0.027027027027027,0,0.027027027027027,0.0424539547782404,0,0,0,0,0,0,0,0,0,0,0,0,0
0.05,0.0337837837837838,0,0.0337837837837838,0.0530674434728006,0,0,0,0,0,0,0,0,0,0,0,0,0
0.06,0.0405405405405405,0,0.0405405405405405,0.0636809321673607,0,0,0,0,0,0,0,0,0,0,0,0,0
0.07,0.0472972972972973,0,0.0472972972972973,0.0742944208619208,0,0,0,0,0,0,0,0,0,0,0,0,0
0.08,0.0540540540540541,0,0.0540540540540541,0.0849079095564809,0,0,0,0,0,0,0,0,0,0,0,0,0
0.09,0.0608108108108108,0,0.0608108108108108,0.095521398251041,0,0,0,0,0,0,0,0,0,0,0,0,0
0.1,0.0675675675675676,0,0.0675675675675676,0.106134886945601,0,0,0,0,0,0,0,0,0,0,0,0,0
0.11,0.0743243243243243,0,0.0743243243243243,0.116748375640161,0,0,0,0,0,0,0,0,0,0,0,0,0
0.12,0.0810810810810811,0,0.0810810810810811,0.127361864334721,0,0,0,0,0,0,0,0,0,0,0,0,0
0.13,0.0878378378378378,0,0.0878378378378378,0.137975353029281,0,0,0,0,0,0,0,0,0,0,0,0,0
0.14,0.0945945945945946,0,0.0945945945945946,0.148588841723842,0,0,0,0,0,0,0,0,0,0,0,0,0
0.15,0.101351351351351,0,0.101351351351351,0.159202330418402,0,0,0,0,0,0,0,0,0,0,0,0,0
0.16,0.108108108108108,0,0.108108108108108,0.169815819112962,0,0,0,0,0,0,0,0,0,0,0,0,0
0.17,0.114864864864865,0,0.114864864864865,0.180429307807522,0,0,0,0,0,0,0,0,0,0,0,0,0
0.18,0.121621621621622,0,0.121621621621622,0.191042796502082,0,0,0,0,0,0,0,0,0,0,0,0,0
0.19,0.128378378378378,0,0.128378378378378,0.201656285196642,0,0,0,0,0,0,0,0,0,0,0,0,0
0.2,0.135135135135135,0,0.135135135135135,0.212269773891202,0,0,0,0,0,0,0,0,0,0,0,0,0
0.21,0.141891891891892,0,0.141891891891892,0.222883262585762,0,0,0,0,0,0,0,0,0,0,0,0,0
0.22,0.148648648648649,0,0.148648648648649,0.233496751280322,0,0,0,0,0,0,0,0,0,0,0,0,0
0.23,0.155405405405405,0,0.155405405405405,0.244110239974883,0,0,0,0,0,0,0,0,0,0,0,0,0
0.24,0.162162162162162,0,0.162162162162162,0.254723728669443,0,0,0,0,0,0,0,0,0,0,0,0,0
0.25,0.168918918918919,0,0.168918918918919,0.265337217364003,0,0,0,0,0,0,0,0,0,0,0,0,0
0.26,0.175675675675676,0,0.175675675675676,0.275950706058563,0,0,0,0,0,0,0,0,0,0,0,0,0
0.27,0.182432432432432,0,0.182432432432432,0.286564194753123,0,0,0,0,0,0,0,0,0,0,0,0,0
0.28,0.189189189189189,0,0.189189189189189,0.297177683447683,0,0,0,0,0,0,0,0,0,0,0,0,0
0.29,0.195945945945946,0,0.195945945945946,0.307791172142243,0,0,0,0,0,0,0,0,0,0,0,0,0
0.3,0.202702702702703,0,0.202702702702703,0.318404660836803,0,0,0,0,0,0,0,0,0,0,0,0,0
0.31,0.209459459459459,0,0.209459459459459,0.329018149531363,0,0,0,0,0,0,0,0,0,0,0,0,0
0.32,0.216216216216216,0,0.216216216216216,0.339631638225924,0,0,0,0,0,0,0,0,0,0,0,0,0
0.33,0.222972972972973,0,0.222972972972973,0.350245126920484,0,0,0,0,0,0,0,0,0,0,0,0,0
0.34,0.22972972972973,0,0.22972972972973,0.360858615615044,0,0,0,0,0,0,0,0,0,0,0,0,0
0.35,0.236486486486486,0,0.236486486486486,0.371472104309604,0,0,0,0,0,0,0,0,0,0,0,0,0
0.36,0.243243243243243,0,0.243243243243243,0.382085593004164,0,0,0,0,0,0,0,0,0,0,0,0,0
0.37,0.25,0,0.25,0.392699081698724,0,0,0,0,0,0,0,0,0,0,0,0,0
0.38,0.256756756756757,0,0.256756756756757,0.403312570393284,0,0,0,0,0,0,0,0,0,0,0,0,0
0.39,0.263513513513513,0,0.263513513513513,0.413926059087844,0,0,0,0,0,0,0,0,0,0,0,0,0
0.4,0.27027027027027,0,0.27027027027027,0.424539547782404,0,0,0,0,0,0,0,0,0,0,0,0,0
0.41,0.277027027027027,0,0.277027027027027,0.435153036476965,0,0,0,0,0,0,0,0,0,0,0,0,0
0.42,0.283783783783784,0,0.283783783783784,0.445766525171525,0,0,0,0,0,0,0,0,0,0,0,0,0
0.43,0.290540540540541,0,0.290540540540541,0.456380013866085,0,0,0,0,0,0,0,0,0,0,0,0,0
0.44,0.297297297297297,0,0.297297297297297,0.466993502560645,0,0,0,0,0,0,0,0,0,0,0,0,0
0.45,0.304054054054054,0,0.304054054054054,0.477606991255205,0,0,0,0,0,0,0,0,0,0,0,0,0
0.46,0.310810810810811,0,0.310810810810811,0.488220479949765,0,0,0,0,0,0,0,0,0,0,0,0,0
0.47,0.317567567567568,0,0.317567567567568,0.498833968644325,0,0,0,0,0,0,0,0,0,0,0,0,0
0.48,0.324324324324324,0,0.324324324324324,0.509447457338885,0,0,0,0,0,0,0,0,0,0,0,0,0
0.49,0.331081081081081,0,0.331081081081081,0.520060946033445,0,0,0,0,0,0,0,0,0,0,0,0,0
0.5,0.337837837837838,0,0.337837837837838,0.530674434728006,0,0,0,0,0,0,0,0,0,0,0,0,0
0.51,0.344594594594595,0,0.344594594594595,0.541287923422566,0,0,0,0,0,0,0,0,0,0,0,0,0
0.52,0.351351351351351,0,0.351351351351351,0.551901412117126,0,0,0,0,0,0,0,0,0,0,0,0,0
0.53,0.358108108108108,0,0.358108108108108,0.562514900811686,0,0,0,0,0,0,0,0,0,0,0,0,0
0.54,0.364864864864865,0,0.364864864864865,0.573128389506246,0,0,0,0,0,0,0,0,0,0,0,0,0
0.55,0.371621621621622,0,0.371621621621622,0.583741878200806,0,0,0,0,0,0,0,0,0,0,0,0,0
0.56,0.378378378378378,0,0.378378378378378,0.594355366895366,0,0,0,0,0,0,0,0,0,0,0,0,0
0.57,0.385135135135135,0,0.385135135135135,0.604968855589926,0,0,0,0,0,0,0,0,0,0,0,0,0
0.58,0.391891891891892,0,0.391891891891892,0.615582344284487,0,0,0,0,0,0,0,0,0,0,0,0,0
0.59,0.398648648648649,0,0.398648648648649,0.626195832979047,0,0,0,0,0,0,0,0,0,0,0,0,0
0.6,0.405405405405405,0,0.405405405405405,0.636809321673607,0,0,0,0,0,0,0,0,0,0,0,0,0
0.61,0.412162162162162,0,0.412162162162162,0.647422810368167,0,0,0,0,0,0,0,0,0,0,0,0,0
0.62,0.418918918918919,0,0.418918918918919,0.658036299062727,0,0,0,0,0,0,0,0,0,0,0,0,0
0.63,0.425675675675676,0,0.425675675675676,0.668649787757287,0,0,0,0,0,0,0,0,0,0,0,0,0
0.64,0.432432432432432,0,0.432432432432432,0.679263276451847,0,0,0,0,0,0,0,0,0,0,0,0,0
0.65,0.439189189189189,0,0.439189189189189,0.689876765146407,0,0,0,0,0,0,0,0,0,0,0,0,0
0.66,0.445945945945946,0,0.445945945945946,0.700490253840967,0,0,0,0,0,0,0,0,0,0,0,0,0
0.67,0.452702702702703,0,0.452702702702703,0.711103742535527,0,0,0,0,0,0,0,0,0,0,0,0,0
0.68,0.459459459459459,0,0.459459459459459,0.721717231230088,0,0,0,0,0,0,0,0,0,0,0,0,0
0.69,0.466216216216216,0,0.466216216216216,0.732330719924648,0,0,0,0,0,0,0,0,0,0,0,0,0
0.7,0.472972972972973,0,0.472972972972973,0.742944208619208,0,0,0,0,0,0,0,0,0,0,0,0,0
0.71,0.47972972972973,0,0.47972972972973,0.753557697313768,0,0,0,0,0,0,0,0,0,0,0,0,0
0.72,0.486486486486487,0,0.486486486486487,0.764171186008328,0,0,0,0,0,0,0,0,0,0,0,0,0
0.73,0.493243243243243,0,0.493243243243243,0.774784674702888,0,0,0,0,0,0,0,0,0,0,0,0,0
0.74,0.5,0,0.5,0.785398163397448,0,0,0,0,0,0,0,0,0,0,0,0,0
0.75,0.506756756756757,0,0.506756756756757,0.796011652092008,0,0,0,0,0,0,0,0,0,0,0,0,0
0.76,0.513513513513513,0,0.513513513513513,0.806625140786568,0,0,0,0,0,0,0,0,0,0,0,0,0
0.77,0.52027027027027,0,0.52027027027027,0.817238629481129,0,0,0,0,0,0,0,0,0,0,0,0,0
0.78,0.527027027027027,0,0.527027027027027,0.827852118175689,0,0,0,0,0,0,0,0,0,0,0,0,0
0.79,0.533783783783784,0,0.533783783783784,0.838465606870249,0,0,0,0,0,0,0,0,0,0,0,0,0
0.8,0.540540540540541,0,0.540540540540541,0.849079095564809,0,0,0,0,0,0,0,0,0,0,0,0,0
0.81,0.547297297297297,0,0.547297297297297,0.859692584259369,0,0,0,0,0,0,0,0,0,0,0,0,0
0.82,0.554054054054054,0,0.554054054054054,0.870306072953929,0,0,0,0,0,0,0,0,0,0,0,0,0
0.83,0.560810810810811,0,0.560810810810811,0.880919561648489,0,0,0,0,0,0,0,0,0,0,0,0,0
0.84,0.567567567567568,0,0.567567567567568,0.891533050343049,0,0,0,0,0,0,0,0,0,0,0,0,0
0.85,0.574324324324324,0,0.574324324324324,0.90214653903761,0,0,0,0,0,0,0,0,0,0,0,0,0
0.86,0.581081081081081,0,0.581081081081081,0.91276002773217,0,0,0,0,0,0,0,0,0,0,0,0,0
0.87,0.587837837837838,0,0.587837837837838,0.92337351642673,0,0,0,0,0,0,0,0,0,0,0,0,0
0.88,0.594594594594595,0,0.594594594594595,0.93398700512129,0,0,0,0,0,0,0,0,0,0,0,0,0
0.89,0.601351351351351,0,0.601351351351351,0.94460049381585,0,0,0,0,0,0,0,0,0,0,0,0,0
0.9,0.608108108108108,0,0.608108108108108,0.95521398251041,0,0,0,0,0,0,0,0,0,0,0,0,0
0.91,0.614864864864865,0,0.614864864864865,0.96582747120497,0,0,0,0,0,0,0,0,0,0,0,0,0
0.92,0.621621621621622,0,0.621621621621622,0.97644095989953,0,0,0,0,0,0,0,0,0,0,0,0,0
0.93,0.628378378378378,0,0.628378378378378,0.98705444859409,0,0,0,0,0,0,0,0,0,0,0,0,0
0.94,0.635135135135135,0,0.635135135135135,0.997667937288651,0,0,0,0,0,0,0,0,0,0,0,0,0
0.95,0.641891891891892,0,0.641891891891892,1.00828142598321,0,0,0,0,0,0,0,0,0,0,0,0,0
0.96,0.648648648648649,0,0.648648648648649,1.01889491467777,0,0,0,0,0,0,0,0,0,0,0,0,0
0.97,0.655405405405405,0,0.655405405405405,1.02950840337233,0,0,0,0,0,0,0,0,0,0,0,0,0
0.98,0.662162162162162,0,0.662162162162162,1.04012189206689,0,0,0,0,0,0,0,0,0,0,0,0,0
0.99,0.668918918918919,0,0.668918918918919,1.05073538076145,0,0,0,0,0,0,0,0,0,0,0,0,0
1,0.675675675675676,0,0.675675675675676,1.06134886945601,0,0,0,0,0,0,0,0,0,0,0,0,0
1.01,0.682432432432432,0,0.682432432432432,1.07196235815057,0,0,0,0,0,0,0,0,0,0,0,0,0
1.02,0.689189189189189,0,0.689189189189189,1.08257584684513,0,0,0,0,0,0,0,0,0,0,0,0,0
1.03,0.695945945945946,0,0.695945945945946,1.09318933553969,0,0,0,0,0,0,0,0,0,0,0,0,0
1.04,0.702702702702703,0,0.702702702702703,1.10380282423425,0,0,0,0,0,0,0,0,0,0,0,0,0
1.05,0.709459459459459,0,0.709459459459459,1.11441631292881,0,0,0,0,0,0,0,0,0,0,0,0,0
1.06,0.716216216216216,0,0.716216216216216,1.12502980162337,0,0,0,0,0,0,0,0,0,0,0,0,0
1.07,0.722972972972973,0,0.722972972972973,1.13564329031793,0,0,0,0,0,0,0,0,0,0,0,0,0
1.08,0.72972972972973,0,0.72972972972973,1.14625677901249,0,0,0,0,0,0,0,0,0,0,0,0,0
1.09,0.736486486486487,0,0.736486486486487,1.15687026770705,0,0,0,0,0,0,0,0,0,0,0,0,0
1.1,0.743243243243243,0,0.743243243243243,1.16748375640161,0,0,0,0,0,0,0,0,0,0,0,0,0
1.11,0.75,0,0.75,1.17809724509617,0,0,0,0,0,0,0,0,0,0,0,0,0
1.12,0.756756756756757,0,0.756756756756757,1.18871073379073,0,0,0,0,0,0,0,0,0,0,0,0,0
1.13,0.763513513513513,0,0.763513513513513,1.19932422248529,0,0,0,0,0,0,0,0,0,0,0,0,0
1.14,0.77027027027027,0,0.77027027027027,1.20993771117985,0,0,0,0,0,0,0,0,0,0,0,0,0
1.15,0.777027027027027,0,0.777027027027027,1.22055119987441,0,0,0,0,0,0,0,0,0,0,0,0,0
1.16,0.783783783783784,0,0.783783783783784,1.23116468856897,0,0,0,0,0,0,0,0,0,0,0,0,0
1.17,0.790540540540541,0,0.790540540540541,1.24177817726353,0,0,0,0,0,0,0,0,0,0,0,0,0
1.18,0.797297297297297,0,0.797297297297297,1.25239166595809,0,0,0,0,0,0,0,0,0,0,0,0,0
1.19,0.804054054054054,0,0.804054054054054,1.26300515465265,0,0,0,0,0,0,0,0,0,0,0,0,0
1.2,0.810810810810811,0,0.810810810810811,1.27361864334721,0,0,0,0,0,0,0,0,0,0,0,0,0
1.21,0.817567567567568,0,0.817567567567568,1.28423213204177,0,0,0,0,0,0,0,0,0,0,0,0,0
1.22,0.824324324324324,0,0.824324324324324,1.29484562073633,0,0,0,0,0,0,0,0,0,0,0,0,0
1.23,0.831081081081081,0,0.831081081081081,1.30545910943089,0,0,0,0,0,0,0,0,0,0,0,0,0
1.24,0.837837837837838,0,0.837837837837838,1.31607259812545,0,0,0,0,0,0,0,0,0,0,0,0,0
1.25,0.844594594594595,0,0.844594594594595,1.32668608682001,0,0,0,0,0,0,0,0,0,0,0,0,0
1.26,0.851351351351351,0,0.851351351351351,1.33729957551457,0,0,0,0,0,0,0,0,0,0,0,0,0
1.27,0.858108108108108,0,0.858108108108108,1.34791306420913,0,0,0,0,0,0,0,0,0,0,0,0,0
1.28,0.864864864864865,0,0.864864864864865,1.35852655290369,0,0,0,0,0,0,0,0,0,0,0,0,0
1.29,0.871621621621622,0,0.871621621621622,1.36914004159825,0,0,0,0,0,0,0,0,0,0,0,0,0
1.3,0.878378378378378,0,0.878378378378378,1.37975353029281,0,0,0,0,0,0,0,0,0,0,0,0,0
1.31,0.885135135135135,0,0.885135135135135,1.39036701898737,0,0,0,0,0,0,0,0,0,0,0,0,0
1.32,0.891891891891892,0,0.891891891891892,1.40098050768193,0,0,0,0,0,0,0,0,0,0,0,0,0
1.33,0.898648648648649,0,0.898648648648649,1.41159399637649,0,0,0,0,0,0,0,0,0,0,0,0,0
1.34,0.905405405405405,0,0.905405405405405,1.42220748507105,0,0,0,0,0,0,0,0,0,0,0,0,0
1.35,0.912162162162162,0,0.912162162162162,1.43282097376562,0,0,0,0,0,0,0,0,0,0,0,0,0
1.36,0.918918918918919,0,0.918918918918919,1.44343446246018,0,0,0,0,0,0,0,0,0,0,0,0,0
1.37,0.925675675675676,0,0.925675675675676,1.45404795115474,0,0,0,0,0,0,0,0,0,0,0,0,0
1.38,0.932432432432432,0,0.932432432432432,1.4646614398493,0,0,0,0,0,0,0,0,0,0,0,0,0
1.39,0.939189189189189,0,0.939189189189189,1.47527492854386,0,0,0,0,0,0,0,0,0,0,0,0,0
1.4,0.945945945945946,0,0.945945945945946,1.48588841723842,0,0,0,0,0,0,0,0,0,0,0,0,0
1.41,0.952702702702703,0,0.952702702702703,1.49650190593298,0,0,0,0,0,0,0,0,0,0,0,0,0
1.42,0.959459459459459,0,0.959459459459459,1.50711539462754,0,0,0,0,0,0,0,0,0,0,0,0,0
1.43,0.966216216216216,0,0.966216216216216,1.5177288833221,0,0,0,0,0,0,0,0,0,0,0,0,0
1.44,0.972972972972973,0,0.972972972972973,1.52834237201666,0,0,0,0,0,0,0,0,0,0,0,0,0
1.45,0.97972972972973,0,0.97972972972973,1.53895586071122,0,0,0,0,0,0,0,0,0,0,0,0,0
1.46,0.986486486486487,0,0.986486486486487,1.54956934940578,0,0,0,0,0,0,0,0,0,0,0,0,0
1.47,0.993243243243243,0,0.993243243243243,1.56018283810034,0,0,0,0,0,0,0,0,0,0,0,0,0
1.48,1,0,1,1.5707963267949,0,0,0,0,0,0,0,0,0,0,0,0,0
1.49,1,0,1,1.5707963267949,0,0,0,0,0,0,0,0,0,0,0,0,0
1.5,0.999959716170871,0.00897585848099795,1,1.57977230580515,0,0,0,0,0,0,0,0,0,0,0,0,0
1.51,0.999838867929058,0.0179509937980972,1,1.58874828481541,0,0,0,0,0,0,0,0,0,0,0,0,0
1.52,0.999637465011021,0.0269246828456628,1,1.59772426382567,0,0,0,0,0,0,0,0,0,0,0,0,0
1.53,0.999355523643321,0.0358962026345822,1,1.60670024283592,0,0,0,0,0,0,0,0,0,0,0,0,0
1.54,0.998993066541315,0.0448648303505149,1,1.61567622184618,0,0,0,0,0,0,0,0,0,0,0,0,0
1.55,0.998550122907321,0.0538298434121282,1,1.62465220085644,0,0,0,0,0,0,0,0,0,0,0,0,0
1.56,0.998026728428272,0.0627905195293134,1,1.63362817986669,0,0,0,0,0,0,0,0,0,0,0,0,0
1.57,0.997422925272834,0.0717461367613793,1,1.64260415887695,0,0,0,0,0,0,0,0,0,0,0,0,0
1.58,0.996738762088015,0.0806959735752173,1,1.65158013788721,0,0,0,0,0,0,0,0,0,0,0,0,0
1.59,0.995974293995239,0.0896393089034335,1,1.66055611689746,0,0,0,0,0,0,0,0,0,0,0,0,0
1.6,0.995129582585911,0.0985754222024435,1,1.66953209590772,0,0,0,0,0,0,0,0,0,0,0,0,0
1.61,0.994204695916452,0.107503593510525,1,1.67850807491798,0,0,0,0,0,0,0,0,0,0,0,0,0
1.62,0.993199708502813,0.116423103505823,1,1.68748405392823,0,0,0,0,0,0,0,0,0,0,0,0,0
1.63,0.992114701314478,0.125333233564304,1,1.69646003293849,0,0,0,0,0,0,0,0,0,0,0,0,0
1.64,0.990949761767935,0.134233265817655,1,1.70543601194874,0,0,0,0,0,0,0,0,0,0,0,0,0
1.65,0.989704983719635,0.14312248321112,1,1.714411990959,0,0,0,0,0,0,0,0,0,0,0,0,0
1.66,0.988380467458431,0.152000169561267,1,1.72338796996926,0,0,0,0,0,0,0,0,0,0,0,0,0
1.67,0.986976319697496,0.160865609613698,1,1.73236394897951,0,0,0,0,0,0,0,0,0,0,0,0,0
1.68,0.985492653565727,0.169718089100669,1,1.74133992798977,0,0,0,0,0,0,0,0,0,0,0,0,0
1.69,0.98392958859863,0.178556894798637,1,1.75031590700003,0,0,0,0,0,0,0,0,0,0,0,0,0
1.7,0.982287250728689,0.187381314585725,1,1.75929188601028,0,0,0,0,0,0,0,0,0,0,0,0,0
1.71,0.98056577227522,0.196190637499095,1,1.76826786502054,0,0,0,0,0,0,0,0,0,0,0,0,0
1.72,0.978765291933711,0.20498415379223,1,1.7772438440308,0,0,0,0,0,0,0,0,0,0,0,0,0
1.73,0.976885954764648,0.213761154992114,1,1.78621982304105,0,0,0,0,0,0,0,0,0,0,0,0,0
1.74,0.974927912181824,0.222520933956314,1,1.79519580205131,0,0,0,0,0,0,0,0,0,0,0,0,0
1.75,0.972891321940145,0.231262784929952,1,1.80417178106157,0,0,0,0,0,0,0,0,0,0,0,0,0
1.76,0.970776348122918,0.239986003602566,1,1.81314776007182,0,0,0,0,0,0,0,0,0,0,0,0,0
1.77,0.968583161128631,0.248689887164855,1,1.82212373908208,0,0,0,0,0,0,0,0,0,0,0,0,0
1.78,0.966311937657224,0.257373734365302,1,1.83109971809234,0,0,0,0,0,0,0,0,0,0,0,0,0
1.79,0.963962860695853,0.266036845566675,1,1.84007569710259,0,0,0,0,0,0,0,0,0,0,0,0,0
1.8,0.961536119504149,0.27467852280239,1,1.84905167611285,0,0,0,0,0,0,0,0,0,0,0,0,0
1.81,0.959031909598966,0.283298069832749,1,1.85802765512311,0,0,0,0,0,0,0,0,0,0,0,0,0
1.82,0.956450432738632,0.291894792201033,1,1.86700363413336,0,0,0,0,0,0,0,0,0,0,0,0,0
1.83,0.953791896906692,0.300467997289452,1,1.87597961314362,0,0,0,0,0,0,0,0,0,0,0,0,0
1.84,0.951056516295154,0.309016994374947,1,1.88495559215388,0,0,0,0,0,0,0,0,0,0,0,0,0
1.85,0.948244511287226,0.317541094684844,1,1.89393157116413,0,0,0,0,0,0,0,0,0,0,0,0,0
1.86,0.945356108439569,0.326039611452342,1,1.90290755017439,0,0,0,0,0,0,0,0,0,0,0,0,0
1.87,0.942391540464035,0.334511859971845,1,1.91188352918465,0,0,0,0,0,0,0,0,0,0,0,0,0
1.88,0.939351046208924,0.342957157654131,1,1.9208595081949,0,0,0,0,0,0,0,0,0,0,0,0,0
1.89,0.936234870639737,0.351374824081343,1,1.92983548720516,0,0,0,0,0,0,0,0,0,0,0,0,0
1.9,0.933043264819444,0.359764181061807,1,1.93881146621542,0,0,0,0,0,0,0,0,0,0,0,0,0
1.91,0.929776485888251,0.368124552684678,1,1.94778744522567,0,0,0,0,0,0,0,0,0,0,0,0,0
1.92,0.926434797042887,0.376455265374392,1,1.95676342423593,0,0,0,0,0,0,0,0,0,0,0,0,0
1.93,0.923018467515397,0.384755647944936,1,1.96573940324618,0,0,0,0,0,0,0,0,0,0,0,0,0
1.94,0.919527772551451,0.393025031653924,1,1.97471538225644,0,0,0,0,0,0,0,0,0,0,0,0,0
1.95,0.915962993388167,0.401262750256474,1,1.9836913612667,0,0,0,0,0,0,0,0,0,0,0,0,0
1.96,0.912324417231454,0.409468140058891,1,1.99266734027695,0,0,0,0,0,0,0,0,0,0,0,0,0
1.97,0.908612337232874,0.417640539972131,1,2.00164331928721,0,0,0,0,0,0,0,0,0,0,0,0,0
1.98,0.90482705246602,0.425779291565073,1,2.01061929829747,0,0,0,0,0,0,0,0,0,0,0,0,0
1.99,0.900968867902419,0.433883739117558,1,2.01959527730772,0,0,0,0,0,0,0,0,0,0,0,0,0
2,0.897038094386969,0.441953229673227,1,2.02857125631798,0,0,0,0,0,0,0,0,0,0,0,0,0
2.01,0.893035048612885,0.449987113092121,1,2.03754723532824,0,0,0,0,0,0,0,0,0,0,0,0,0
2.02,0.888960053096193,0.457984742103068,1,2.04652321433849,0,0,0,0,0,0,0,0,0,0,0,0,0
2.03,0.884813436149738,0.465945472355825,1,2.05549919334875,0,0,0,0,0,0,0,0,0,0,0,0,0
2.04,0.880595531856738,0.473868662472999,1,2.06447517235901,0,0,0,0,0,0,0,0,0,0,0,0,0
2.05,0.876306680043864,0.481753674101715,1,2.07345115136926,0,0,0,0,0,0,0,0,0,0,0,0,0
2.06,0.871947226253862,0.489599871965053,1,2.08242713037952,0,0,0,0,0,0,0,0,0,0,0,0,0
2.07,0.867517521717718,0.497406623913222,1,2.09140310938978,0,0,0,0,0,0,0,0,0,0,0,0,0
2.08,0.86301792332635,0.505173300974501,1,2.10037908840003,0,0,0,0,0,0,0,0,0,0,0,0,0
2.09,0.858448793601866,0.512899277405906,1,2.10935506741029,0,0,0,0,0,0,0,0,0,0,0,0,0
2.1,0.853810500668347,0.520583930743609,1,2.11833104642055,0,0,0,0,0,0,0,0,0,0,0,0,0
2.11,0.849103418222194,0.528226641853084,1,2.1273070254308,0,0,0,0,0,0,0,0,0,0,0,0,0
2.12,0.844327925502015,0.535826794978997,1,2.13628300444106,0,0,0,0,0,0,0,0,0,0,0,0,0
2.13,0.839484407258077,0.543383777794806,1,2.14525898345132,0,0,0,0,0,0,0,0,0,0,0,0,0
2.14,0.834573253721303,0.550896981452103,1,2.15423496246157,0,0,0,0,0,0,0,0,0,0,0,0,0
2.15,0.829594860571831,0.558365800629662,1,2.16321094147183,0,0,0,0,0,0,0,0,0,0,0,0,0
2.16,0.824549628907141,0.565789633582215,1,2.17218692048209,0,0,0,0,0,0,0,0,0,0,0,0,0
2.17,0.819437965209732,0.573167882188922,1,2.18116289949234,0,0,0,0,0,0,0,0,0,0,0,0,0
2.18,0.814260281314379,0.580499952001573,1,2.1901388785026,0,0,0,0,0,0,0,0,0,0,0,0,0
2.19,0.809016994374947,0.587785252292473,1,2.19911485751286,0,0,0,0,0,0,0,0,0,0,0,0,0
2.2,0.803708526830789,0.595023196102037,1,2.20809083652311,0,0,0,0,0,0,0,0,0,0,0,0,0
2.21,0.798335306372701,0.602213200286082,1,2.21706681553337,0,0,0,0,0,0,0,0,0,0,0,0,0
2.22,0.792897765908475,0.609354685562808,1,2.22604279454362,0,0,0,0,0,0,0,0,0,0,0,0,0
2.23,0.787396343528012,0.61644707655947,1,2.23501877355388,0,0,0,0,0,0,0,0,0,0,0,0,0
2.24,0.78183148246803,0.623489801858733,1,2.24399475256414,0,0,0,0,0,0,0,0,0,0,0,0,0
2.25,0.776203631076353,0.630482294044714,1,2.25297073157439,0,0,0,0,0,0,0,0,0,0,0,0,0
2.26,0.770513242775789,0.63742398974869,1,2.26194671058465,0,0,0,0,0,0,0,0,0,0,0,0,0
2.27,0.764760776027598,0.644314329694494,1,2.27092268959491,0,0,0,0,0,0,0,0,0,0,0,0,0
2.28,0.758946694294556,0.651152758743573,1,2.27989866860516,0,0,0,0,0,0,0,0,0,0,0,0,0
2.29,0.753071466003611,0.657938725939713,1,2.28887464761542,0,0,0,0,0,0,0,0,0,0,0,0,0
2.3,0.74713556450815,0.664671684553426,1,2.29785062662568,0,0,0,0,0,0,0,0,0,0,0,0,0
2.31,0.741139468049855,0.671351092126004,1,2.30682660563593,0,0,0,0,0,0,0,0,0,0,0,0,0
2.32,0.735083659720177,0.677976410513221,1,2.31580258464619,0,0,0,0,0,0,0,0,0,0,0,0,0
2.33,0.728968627421412,0.684547105928689,1,2.32477856365645,0,0,0,0,0,0,0,0,0,0,0,0,0
2.34,0.722794863827392,0.691062648986865,1,2.3337545426667,0,0,0,0,0,0,0,0,0,0,0,0,0
2.35,0.716562866343792,0.697522514745702,1,2.34273052167696,0,0,0,0,0,0,0,0,0,0,0,0,0
2.36,0.710273137068057,0.703926182748945,1,2.35170650068722,0,0,0,0,0,0,0,0,0,0,0,0,0
2.37,0.703926182748945,0.710273137068057,1,2.36068247969747,0,0,0,0,0,0,0,0,0,0,0,0,0
2.38,0.697522514745702,0.716562866343792,1,2.36965845870773,0,0,0,0,0,0,0,0,0,0,0,0,0
2.39,0.691062648986865,0.722794863827392,1,2.37863443771799,0,0,0,0,0,0,0,0,0,0,0,0,0
2.4,0.684547105928689,0.728968627421412,1,2.38761041672824,0,0,0,0,0,0,0,0,0,0,0,0,0
2.41,0.677976410513221,0.735083659720177,1,2.3965863957385,0,0,0,0,0,0,0,0,0,0,0,0,0
2.42,0.671351092126004,0.741139468049855,1,2.40556237474876,0,0,0,0,0,0,0,0,0,0,0,0,0
2.43,0.664671684553426,0.74713556450815,1,2.41453835375901,0,0,0,0,0,0,0,0,0,0,0,0,0
2.44,0.657938725939713,0.753071466003611,1,2.42351433276927,0,0,0,0,0,0,0,0,0,0,0,0,0
2.45,0.651152758743574,0.758946694294556,1,2.43249031177953,0,0,0,0,0,0,0,0,0,0,0,0,0
2.46,0.644314329694494,0.764760776027598,1,2.44146629078978,0,0,0,0,0,0,0,0,0,0,0,0,0
2.47,0.63742398974869,0.770513242775789,1,2.45044226980004,0,0,0,0,0,0,0,0,0,0,0,0,0
2.48,0.630482294044714,0.776203631076353,1,2.45941824881029,0,0,0,0,0,0,0,0,0,0,0,0,0
2.49,0.623489801858734,0.78183148246803,1,2.46839422782055,0,0,0,0,0,0,0,0,0,0,0,0,0
2.5,0.61644707655947,0.787396343528012,1,2.47737020683081,0,0,0,0,0,0,0,0,0,0,0,0,0
2.51,0.609354685562808,0.792897765908475,1,2.48634618584106,0,0,0,0,0,0,0,0,0,0,0,0,0
2.52,0.602213200286082,0.798335306372701,1,2.49532216485132,0,0,0,0,0,0,0,0,0,0,0,0,0
2.53,0.595023196102037,0.803708526830789,1,2.50429814386158,0,0,0,0,0,0,0,0,0,0,0,0,0
2.54,0.587785252292473,0.809016994374947,1,2.51327412287183,0,0,0,0,0,0,0,0,0,0,0,0,0
2.55,0.580499952001573,0.814260281314379,1,2.52225010188209,0,0,0,0,0,0,0,0,0,0,0,0,0
2.56,0.573167882188922,0.819437965209732,1,2.53122608089235,0,0,0,0,0,0,0,0,0,0,0,0,0
2.57,0.565789633582214,0.824549628907141,1,2.5402020599026,0,0,0,0,0,0,0,0,0,0,0,0,0
2.58,0.558365800629662,0.829594860571831,1,2.54917803891286,0,0,0,0,0,0,0,0,0,0,0,0,0
2.59,0.550896981452102,0.834573253721303,1,2.55815401792312,0,0,0,0,0,0,0,0,0,0,0,0,0
2.6,0.543383777794806,0.839484407258077,1,2.56712999693337,0,0,0,0,0,0,0,0,0,0,0,0,0
2.61,0.535826794978997,0.844327925502015,1,2.57610597594363,0,0,0,0,0,0,0,0,0,0,0,0,0
2.62,0.528226641853084,0.849103418222194,1,2.58508195495389,0,0,0,0,0,0,0,0,0,0,0,0,0
2.63,0.520583930743608,0.853810500668347,1,2.59405793396414,0,0,0,0,0,0,0,0,0,0,0,0,0
2.64,0.512899277405906,0.858448793601866,1,2.6030339129744,0,0,0,0,0,0,0,0,0,0,0,0,0
2.65,0.505173300974501,0.86301792332635,1,2.61200989198466,0,0,0,0,0,0,0,0,0,0,0,0,0
2.66,0.497406623913222,0.867517521717717,1,2.62098587099491,0,0,0,0,0,0,0,0,0,0,0,0,0
2.67,0.489599871965053,0.871947226253862,1,2.62996185000517,0,0,0,0,0,0,0,0,0,0,0,0,0
2.68,0.481753674101715,0.876306680043864,1,2.63893782901543,0,0,0,0,0,0,0,0,0,0,0,0,0
2.69,0.473868662472999,0.880595531856738,1,2.64791380802568,0,0,0,0,0,0,0,0,0,0,0,0,0
2.7,0.465945472355825,0.884813436149738,1,2.65688978703594,0,0,0,0,0,0,0,0,0,0,0,0,0
2.71,0.457984742103068,0.888960053096193,1,2.6658657660462,0,0,0,0,0,0,0,0,0,0,0,0,0
2.72,0.449987113092121,0.893035048612885,1,2.67484174505645,0,0,0,0,0,0,0,0,0,0,0,0,0
2.73,0.441953229673227,0.897038094386969,1,2.68381772406671,0,0,0,0,0,0,0,0,0,0,0,0,0
2.74,0.433883739117558,0.900968867902419,1,2.69279370307697,0,0,0,0,0,0,0,0,0,0,0,0,0
2.75,0.425779291565073,0.90482705246602,1,2.70176968208722,0,0,0,0,0,0,0,0,0,0,0,0,0
2.76,0.417640539972131,0.908612337232874,1,2.71074566109748,0,0,0,0,0,0,0,0,0,0,0,0,0
2.77,0.40946814005889,0.912324417231454,1,2.71972164010774,0,0,0,0,0,0,0,0,0,0,0,0,0
2.78,0.401262750256474,0.915962993388167,1,2.72869761911799,0,0,0,0,0,0,0,0,0,0,0,0,0
2.79,0.393025031653924,0.919527772551451,1,2.73767359812825,0,0,0,0,0,0,0,0,0,0,0,0,0
2.8,0.384755647944936,0.923018467515397,1,2.7466495771385,0,0,0,0,0,0,0,0,0,0,0,0,0
2.81,0.376455265374392,0.926434797042887,1,2.75562555614876,0,0,0,0,0,0,0,0,0,0,0,0,0
2.82,0.368124552684678,0.929776485888251,1,2.76460153515902,0,0,0,0,0,0,0,0,0,0,0,0,0
2.83,0.359764181061807,0.933043264819444,1,2.77357751416927,0,0,0,0,0,0,0,0,0,0,0,0,0
2.84,0.351374824081343,0.936234870639737,1,2.78255349317953,0,0,0,0,0,0,0,0,0,0,0,0,0
2.85,0.342957157654131,0.939351046208924,1,2.79152947218979,0,0,0,0,0,0,0,0,0,0,0,0,0
2.86,0.334511859971845,0.942391540464035,1,2.80050545120004,0,0,0,0,0,0,0,0,0,0,0,0,0
2.87,0.326039611452342,0.945356108439569,1,2.8094814302103,0,0,0,0,0,0,0,0,0,0,0,0,0
2.88,0.317541094684844,0.948244511287226,1,2.81845740922056,0,0,0,0,0,0,0,0,0,0,0,0,0
2.89,0.309016994374947,0.951056516295154,1,2.82743338823081,0,0,0,0,0,0,0,0,0,0,0,0,0
2.9,0.300467997289452,0.953791896906692,1,2.83640936724107,0,0,0,0,0,0,0,0,0,0,0,0,0
2.91,0.291894792201033,0.956450432738632,1,2.84538534625133,0,0,0,0,0,0,0,0,0,0,0,0,0
2.92,0.28329806983275,0.959031909598966,1,2.85436132526158,0,0,0,0,0,0,0,0,0,0,0,0,0
2.93,0.27467852280239,0.961536119504149,1,2.86333730427184,0,0,0,0,0,0,0,0,0,0,0,0,0
2.94,0.266036845566675,0.963962860695853,1,2.8723132832821,0,0,0,0,0,0,0,0,0,0,0,0,0
2.95,0.257373734365302,0.966311937657224,1,2.88128926229235,0,0,0,0,0,0,0,0,0,0,0,0,0
2.96,0.248689887164855,0.968583161128631,1,2.89026524130261,0,0,0,0,0,0,0,0,0,0,0,0,0
2.97,0.239986003602566,0.970776348122918,1,2.89924122031287,0,0,0,0,0,0,0,0,0,0,0,0,0
2.98,0.231262784929952,0.972891321940145,1,2.90821719932312,0,0,0,0,0,0,0,0,0,0,0,0,0
2.99,0.222520933956314,0.974927912181824,1,2.91719317833338,0,0,0,0,0,0,0,0,0,0,0,0,0
3,0.213761154992114,0.976885954764648,1,2.92616915734364,0,0,0,0,0,0,0,0,0,0,0,0,0
3.01,0.20498415379223,0.978765291933711,1,2.93514513635389,0,0,0,0,0,0,0,0,0,0,0,0,0
3.02,0.196190637499095,0.98056577227522,1,2.94412111536415,0,0,0,0,0,0,0,0,0,0,0,0,0
3.03,0.187381314585725,0.982287250728689,1,2.95309709437441,0,0,0,0,0,0,0,0,0,0,0,0,0
3.04,0.178556894798637,0.98392958859863,1,2.96207307338466,0,0,0,0,0,0,0,0,0,0,0,0,0
3.05,0.169718089100669,0.985492653565727,1,2.97104905239492,0,0,0,0,0,0,0,0,0,0,0,0,0
3.06,0.160865609613698,0.986976319697496,1,2.98002503140518,0,0,0,0,0,0,0,0,0,0,0,0,0
3.07,0.152000169561267,0.988380467458431,1,2.98900101041543,0,0,0,0,0,0,0,0,0,0,0,0,0
3.08,0.143122483211119,0.989704983719635,1,2.99797698942569,0,0,0,0,0,0,0,0,0,0,0,0,0
3.09,0.134233265817656,0.990949761767935,1,3.00695296843594,0,0,0,0,0,0,0,0,0,0,0,0,0
3.1,0.125333233564304,0.992114701314478,1,3.0159289474462,0,0,0,0,0,0,0,0,0,0,0,0,0
3.11,0.116423103505823,0.993199708502813,1,3.02490492645646,0,0,0,0,0,0,0,0,0,0,0,0,0
3.12,0.107503593510525,0.994204695916452,1,3.03388090546671,0,0,0,0,0,0,0,0,0,0,0,0,0
3.13,0.0985754222024434,0.995129582585911,1,3.04285688447697,0,0,0,0,0,0,0,0,0,0,0,0,0
3.14,0.0896393089034333,0.995974293995239,1,3.05183286348723,0,0,0,0,0,0,0,0,0,0,0,0,0
3.15,0.0806959735752173,0.996738762088015,1,3.06080884249748,0,0,0,0,0,0,0,0,0,0,0,0,0
3.16,0.0717461367613795,0.997422925272834,1,3.06978482150774,0,0,0,0,0,0,0,0,0,0,0,0,0
3.17,0.0627905195293135,0.998026728428272,1,3.078760800518,0,0,0,0,0,0,0,0,0,0,0,0,0
3.18,0.0538298434121283,0.998550122907321,1,3.08773677952825,0,0,0,0,0,0,0,0,0,0,0,0,0
3.19,0.044864830350515,0.998993066541315,1,3.09671275853851,0,0,0,0,0,0,0,0,0,0,0,0,0
3.2,0.0358962026345822,0.999355523643321,1,3.10568873754877,0,0,0,0,0,0,0,0,0,0,0,0,0
3.21,0.026924682845663,0.999637465011021,1,3.11466471655902,0,0,0,0,0,0,0,0,0,0,0,0,0
3.22,0.0179509937980974,0.999838867929058,1,3.12364069556928,0,0,0,0,0,0,0,0,0,0,0,0,0
3.23,0.00897585848099806,0.999959716170871,1,3.13261667457954,0,0,0,0,0,0,0,0,0,0,0,0,0
3.24,6.12323399573677e-17,1,1,3.14159265358979,0,0,0,0,0,0,0,0,0,0,0,0,0
3.25,-0.00897585848099794,0.999959716170871,1,-3.13261667457954,0,0,0,0,0,0,0,0,0,0,0,0,0
3.26,-0.0179509937980973,0.999838867929058,1,-3.12364069556928,0,0,0,0,0,0,0,0,0,0,0,0,0
3.27,-0.0269246828456629,0.999637465011021,1,-3.11466471655902,0,0,0,0,0,0,0,0,0,0,0,0,0
3.28,-0.0358962026345821,0.999355523643321,1,-3.10568873754877,0,0,0,0,0,0,0,0,0,0,0,0,0
3.29,-0.0448648303505149,0.998993066541315,1,-3.09671275853851,0,0,0,0,0,0,0,0,0,0,0,0,0
3.3,-0.0538298434121282,0.998550122907321,1,-3.08773677952825,0,0,0,0,0,0,0,0,0,0,0,0,0
3.31,-0.0627905195293134,0.998026728428272,1,-3.078760800518,0,0,0,0,0,0,0,0,0,0,0,0,0
3.32,-0.0717461367613794,0.997422925272834,1,-3.06978482150774,0,0,0,0,0,0,0,0,0,0,0,0,0
3.33,-0.0806959735752174,0.996738762088015,1,-3.06080884249748,0,0,0,0,0,0,0,0,0,0,0,0,0
3.34,-0.0896393089034334,0.995974293995239,1,-3.05183286348723,0,0,0,0,0,0,0,0,0,0,0,0,0
3.35,-0.0985754222024435,0.995129582585911,1,-3.04285688447697,0,0,0,0,0,0,0,0,0,0,0,0,0
3.36,-0.107503593510525,0.994204695916452,1,-3.03388090546671,0,0,0,0,0,0,0,0,0,0,0,0,0
3.37,-0.116423103505823,0.993199708502813,1,-3.02490492645646,0,0,0,0,0,0,0,0,0,0,0,0,0
3.38,-0.125333233564304,0.992114701314478,1,-3.0159289474462,0,0,0,0,0,0,0,0,0,0,0,0,0
3.39,-0.134233265817656,0.990949761767935,1,-3.00695296843594,0,0,0,0,0,0,0,0,0,0,0,0,0
3.4,-0.143122483211119,0.989704983719635,1,-2.99797698942569,0,0,0,0,0,0,0,0,0,0,0,0,0
3.41,-0.152000169561267,0.988380467458431,1,-2.98900101041543,0,0,0,0,0,0,0,0,0,0,0,0,0
3.42,-0.160865609613698,0.986976319697496,1,-2.98002503140517,0,0,0,0,0,0,0,0,0,0,0,0,0
3.43,-0.169718089100669,0.985492653565727,1,-2.97104905239492,0,0,0,0,0,0,0,0,0,0,0,0,0
3.44,-0.178556894798637,0.98392958859863,1,-2.96207307338466,0,0,0,0,0,0,0,0,0,0,0,0,0
3.45,-0.187381314585725,0.982287250728689,1,-2.95309709437441,0,0,0,0,0,0,0,0,0,0,0,0,0
3.46,-0.196190637499095,0.98056577227522,1,-2.94412111536415,0,0,0,0,0,0,0,0,0,0,0,0,0
3.47,-0.20498415379223,0.978765291933711,1,-2.93514513635389,0,0,0,0,0,0,0,0,0,0,0,0,0
3.48,-0.213761154992114,0.976885954764648,1,-2.92616915734364,0,0,0,0,0,0,0,0,0,0,0,0,0
3.49,-0.222520933956314,0.974927912181824,1,-2.91719317833338,0,0,0,0,0,0,0,0,0,0,0,0,0
3.5,-0.231262784929952,0.972891321940145,1,-2.90821719932312,0,0,0,0,0,0,0,0,0,0,0,0,0
3.51,-0.239986003602566,0.970776348122918,1,-2.89924122031287,0,0,0,0,0,0,0,0,0,0,0,0,0
3.52,-0.248689887164855,0.968583161128631,1,-2.89026524130261,0,0,0,0,0,0,0,0,0,0,0,0,0
3.53,-0.257373734365302,0.966311937657224,1,-2.88128926229235,0,0,0,0,0,0,0,0,0,0,0,0,0
3.54,-0.266036845566675,0.963962860695853,1,-2.8723132832821,0,0,0,0,0,0,0,0,0,0,0,0,0
3.55,-0.27467852280239,0.961536119504149,1,-2.86333730427184,0,0,0,0,0,0,0,0,0,0,0,0,0
3.56,-0.283298069832749,0.959031909598966,1,-2.85436132526158,0,0,0,0,0,0,0,0,0,0,0,0,0
3.57,-0.291894792201033,0.956450432738632,1,-2.84538534625133,0,0,0,0,0,0,0,0,0,0,0,0,0
3.58,-0.300467997289452,0.953791896906692,1,-2.83640936724107,0,0,0,0,0,0,0,0,0,0,0,0,0
3.59,-0.309016994374947,0.951056516295154,1,-2.82743338823081,0,0,0,0,0,0,0,0,0,0,0,0,0
3.6,-0.317541094684844,0.948244511287226,1,-2.81845740922056,0,0,0,0,0,0,0,0,0,0,0,0,0
3.61,-0.326039611452342,0.945356108439569,1,-2.8094814302103,0,0,0,0,0,0,0,0,0,0,0,0,0
3.62,-0.334511859971845,0.942391540464035,1,-2.80050545120004,0,0,0,0,0,0,0,0,0,0,0,0,0
3.63,-0.342957157654132,0.939351046208924,1,-2.79152947218979,0,0,0,0,0,0,0,0,0,0,0,0,0
3.64,-0.351374824081343,0.936234870639737,1,-2.78255349317953,0,0,0,0,0,0,0,0,0,0,0,0,0
3.65,-0.359764181061807,0.933043264819444,1,-2.77357751416927,0,0,0,0,0,0,0,0,0,0,0,0,0
3.66,-0.368124552684678,0.929776485888251,1,-2.76460153515902,0,0,0,0,0,0,0,0,0,0,0,0,0
3.67,-0.376455265374392,0.926434797042887,1,-2.75562555614876,0,0,0,0,0,0,0,0,0,0,0,0,0
3.68,-0.384755647944936,0.923018467515397,1,-2.7466495771385,0,0,0,0,0,0,0,0,0,0,0,0,0
3.69,-0.393025031653924,0.919527772551451,1,-2.73767359812825,0,0,0,0,0,0,0,0,0,0,0,0,0
3.7,-0.401262750256474,0.915962993388167,1,-2.72869761911799,0,0,0,0,0,0,0,0,0,0,0,0,0
3.71,-0.409468140058891,0.912324417231454,1,-2.71972164010773,0,0,0,0,0,0,0,0,0,0,0,0,0
3.72,-0.417640539972131,0.908612337232874,1,-2.71074566109748,0,0,0,0,0,0,0,0,0,0,0,0,0
3.73,-0.425779291565073,0.904827052466019,1,-2.70176968208722,0,0,0,0,0,0,0,0,0,0,0,0,0
3.74,-0.433883739117558,0.900968867902419,1,-2.69279370307697,0,0,0,0,0,0,0,0,0,0,0,0,0
3.75,-0.441953229673227,0.897038094386969,1,-2.68381772406671,0,0,0,0,0,0,0,0,0,0,0,0,0
3.76,-0.449987113092121,0.893035048612885,1,-2.67484174505645,0,0,0,0,0,0,0,0,0,0,0,0,0
3.77,-0.457984742103068,0.888960053096193,1,-2.6658657660462,0,0,0,0,0,0,0,0,0,0,0,0,0
3.78,-0.465945472355825,0.884813436149738,1,-2.65688978703594,0,0,0,0,0,0,0,0,0,0,0,0,0
3.79,-0.473868662472999,0.880595531856738,1,-2.64791380802568,0,0,0,0,0,0,0,0,0,0,0,0,0
3.8,-0.481753674101715,0.876306680043863,1,-2.63893782901543,0,0,0,0,0,0,0,0,0,0,0,0,0
3.81,-0.489599871965052,0.871947226253863,1,-2.62996185000517,0,0,0,0,0,0,0,0,0,0,0,0,0
3.82,-0.497406623913222,0.867517521717718,1,-2.62098587099491,0,0,0,0,0,0,0,0,0,0,0,0,0
3.83,-0.505173300974501,0.86301792332635,1,-2.61200989198466,0,0,0,0,0,0,0,0,0,0,0,0,0
3.84,-0.512899277405906,0.858448793601866,1,-2.6030339129744,0,0,0,0,0,0,0,0,0,0,0,0,0
3.85,-0.520583930743608,0.853810500668347,1,-2.59405793396414,0,0,0,0,0,0,0,0,0,0,0,0,0
3.86,-0.528226641853084,0.849103418222194,1,-2.58508195495389,0,0,0,0,0,0,0,0,0,0,0,0,0
3.87,-0.535826794978996,0.844327925502015,1,-2.57610597594363,0,0,0,0,0,0,0,0,0,0,0,0,0
3.88,-0.543383777794806,0.839484407258077,1,-2.56712999693337,0,0,0,0,0,0,0,0,0,0,0,0,0
3.89,-0.550896981452102,0.834573253721303,1,-2.55815401792312,0,0,0,0,0,0,0,0,0,0,0,0,0
3.9,-0.558365800629663,0.829594860571831,1,-2.54917803891286,0,0,0,0,0,0,0,0,0,0,0,0,0
3.91,-0.565789633582214,0.824549628907141,1,-2.5402020599026,0,0,0,0,0,0,0,0,0,0,0,0,0
3.92,-0.573167882188922,0.819437965209732,1,-2.53122608089235,0,0,0,0,0,0,0,0,0,0,0,0,0
3.93,-0.580499952001573,0.814260281314379,1,-2.52225010188209,0,0,0,0,0,0,0,0,0,0,0,0,0
3.94,-0.587785252292473,0.809016994374947,1,-2.51327412287183,0,0,0,0,0,0,0,0,0,0,0,0,0
3.95,-0.595023196102037,0.803708526830789,1,-2.50429814386158,0,0,0,0,0,0,0,0,0,0,0,0,0
3.96,-0.602213200286082,0.798335306372701,1,-2.49532216485132,0,0,0,0,0,0,0,0,0,0,0,0,0
3.97,-0.609354685562808,0.792897765908475,1,-2.48634618584106,0,0,0,0,0,0,0,0,0,0,0,0,0
3.98,-0.61644707655947,0.787396343528012,1,-2.47737020683081,0,0,0,0,0,0,0,0,0,0,0,0,0
3.99,-0.623489801858733,0.78183148246803,1,-2.46839422782055,0,0,0,0,0,0,0,0,0,0,0,0,0
4,-0.630482294044714,0.776203631076353,1,-2.45941824881029,0,0,0,0,0,0,0,0,0,0,0,0,0
4.01,-0.63742398974869,0.770513242775789,1,-2.45044226980004,0,0,0,0,0,0,0,0,0,0,0,0,0
4.02,-0.644314329694495,0.764760776027598,1,-2.44146629078978,0,0,0,0,0,0,0,0,0,0,0,0,0
4.03,-0.651152758743574,0.758946694294556,1,-2.43249031177953,0,0,0,0,0,0,0,0,0,0,0,0,0
4.04,-0.657938725939713,0.753071466003611,1,-2.42351433276927,0,0,0,0,0,0,0,0,0,0,0,0,0
4.05,-0.664671684553426,0.74713556450815,1,-2.41453835375901,0,0,0,0,0,0,0,0,0,0,0,0,0
4.06,-0.671351092126004,0.741139468049855,1,-2.40556237474876,0,0,0,0,0,0,0,0,0,0,0,0,0
4.07,-0.677976410513221,0.735083659720177,1,-2.3965863957385,0,0,0,0,0,0,0,0,0,0,0,0,0
4.08,-0.684547105928688,0.728968627421412,1,-2.38761041672824,0,0,0,0,0,0,0,0,0,0,0,0,0
4.09,-0.691062648986865,0.722794863827392,1,-2.37863443771799,0,0,0,0,0,0,0,0,0,0,0,0,0
4.1,-0.697522514745702,0.716562866343792,1,-2.36965845870773,0,0,0,0,0,0,0,0,0,0,0,0,0
4.11,-0.703926182748945,0.710273137068057,1,-2.36068247969747,0,0,0,0,0,0,0,0,0,0,0,0,0
4.12,-0.710273137068057,0.703926182748945,1,-2.35170650068722,0,0,0,0,0,0,0,0,0,0,0,0,0
4.13,-0.716562866343792,0.697522514745702,1,-2.34273052167696,0,0,0,0,0,0,0,0,0,0,0,0,0
4.14,-0.722794863827391,0.691062648986865,1,-2.3337545426667,0,0,0,0,0,0,0,0,0,0,0,0,0
4.15,-0.728968627421412,0.684547105928689,1,-2.32477856365645,0,0,0,0,0,0,0,0,0,0,0,0,0
4.16,-0.735083659720177,0.677976410513221,1,-2.31580258464619,0,0,0,0,0,0,0,0,0,0,0,0,0
4.17,-0.741139468049855,0.671351092126004,1,-2.30682660563593,0,0,0,0,0,0,0,0,0,0,0,0,0
4.18,-0.747135564508149,0.664671684553426,1,-2.29785062662568,0,0,0,0,0,0,0,0,0,0,0,0,0
4.19,-0.753071466003611,0.657938725939713,1,-2.28887464761542,0,0,0,0,0,0,0,0,0,0,0,0,0
4.2,-0.758946694294555,0.651152758743574,1,-2.27989866860516,0,0,0,0,0,0,0,0,0,0,0,0,0
4.21,-0.764760776027598,0.644314329694494,1,-2.27092268959491,0,0,0,0,0,0,0,0,0,0,0,0,0
4.22,-0.770513242775789,0.63742398974869,1,-2.26194671058465,0,0,0,0,0,0,0,0,0,0,0,0,0
4.23,-0.776203631076353,0.630482294044714,1,-2.25297073157439,0,0,0,0,0,0,0,0,0,0,0,0,0
4.24,-0.78183148246803,0.623489801858734,1,-2.24399475256414,0,0,0,0,0,0,0,0,0,0,0,0,0
4.25,-0.787396343528012,0.61644707655947,1,-2.23501877355388,0,0,0,0,0,0,0,0,0,0,0,0,0
4.26,-0.792897765908475,0.609354685562808,1,-2.22604279454363,0,0,0,0,0,0,0,0,0,0,0,0,0
4.27,-0.798335306372702,0.602213200286082,1,-2.21706681553337,0,0,0,0,0,0,0,0,0,0,0,0,0
4.28,-0.803708526830789,0.595023196102037,1,-2.20809083652311,0,0,0,0,0,0,0,0,0,0,0,0,0
4.29,-0.809016994374948,0.587785252292473,1,-2.19911485751286,0,0,0,0,0,0,0,0,0,0,0,0,0
4.3,-0.814260281314379,0.580499952001573,1,-2.1901388785026,0,0,0,0,0,0,0,0,0,0,0,0,0
4.31,-0.819437965209732,0.573167882188923,1,-2.18116289949234,0,0,0,0,0,0,0,0,0,0,0,0,0
4.32,-0.824549628907141,0.565789633582215,1,-2.17218692048209,0,0,0,0,0,0,0,0,0,0,0,0,0
4.33,-0.829594860571831,0.558365800629663,1,-2.16321094147183,0,0,0,0,0,0,0,0,0,0,0,0,0
4.34,-0.834573253721303,0.550896981452103,1,-2.15423496246157,0,0,0,0,0,0,0,0,0,0,0,0,0
4.35,-0.839484407258077,0.543383777794806,1,-2.14525898345132,0,0,0,0,0,0,0,0,0,0,0,0,0
4.36,-0.844327925502015,0.535826794978997,1,-2.13628300444106,0,0,0,0,0,0,0,0,0,0,0,0,0
4.37,-0.849103418222193,0.528226641853085,1,-2.1273070254308,0,0,0,0,0,0,0,0,0,0,0,0,0
4.38,-0.853810500668347,0.520583930743609,1,-2.11833104642055,0,0,0,0,0,0,0,0,0,0,0,0,0
4.39,-0.858448793601866,0.512899277405906,1,-2.10935506741029,0,0,0,0,0,0,0,0,0,0,0,0,0
4.4,-0.86301792332635,0.505173300974501,1,-2.10037908840003,0,0,0,0,0,0,0,0,0,0,0,0,0
4.41,-0.867517521717718,0.497406623913222,1,-2.09140310938978,0,0,0,0,0,0,0,0,0,0,0,0,0
4.42,-0.871947226253863,0.489599871965052,1,-2.08242713037952,0,0,0,0,0,0,0,0,0,0,0,0,0
4.43,-0.876306680043863,0.481753674101716,1,-2.07345115136926,0,0,0,0,0,0,0,0,0,0,0,0,0
4.44,-0.880595531856738,0.473868662472999,1,-2.06447517235901,0,0,0,0,0,0,0,0,0,0,0,0,0
4.45,-0.884813436149738,0.465945472355825,1,-2.05549919334875,0,0,0,0,0,0,0,0,0,0,0,0,0
4.46,-0.888960053096193,0.457984742103068,1,-2.04652321433849,0,0,0,0,0,0,0,0,0,0,0,0,0
4.47,-0.893035048612885,0.449987113092121,1,-2.03754723532824,0,0,0,0,0,0,0,0,0,0,0,0,0
4.48,-0.897038094386969,0.441953229673227,1,-2.02857125631798,0,0,0,0,0,0,0,0,0,0,0,0,0
4.49,-0.900968867902419,0.433883739117558,1,-2.01959527730772,0,0,0,0,0,0,0,0,0,0,0,0,0
4.5,-0.90482705246602,0.425779291565072,1,-2.01061929829747,0,0,0,0,0,0,0,0,0,0,0,0,0
4.51,-0.908612337232874,0.417640539972131,1,-2.00164331928721,0,0,0,0,0,0,0,0,0,0,0,0,0
4.52,-0.912324417231454,0.40946814005889,1,-1.99266734027695,0,0,0,0,0,0,0,0,0,0,0,0,0
4.53,-0.915962993388167,0.401262750256474,1,-1.9836913612667,0,0,0,0,0,0,0,0,0,0,0,0,0
4.54,-0.919527772551451,0.393025031653923,1,-1.97471538225644,0,0,0,0,0,0,0,0,0,0,0,0,0
4.55,-0.923018467515397,0.384755647944936,1,-1.96573940324618,0,0,0,0,0,0,0,0,0,0,0,0,0
4.56,-0.926434797042887,0.376455265374392,1,-1.95676342423593,0,0,0,0,0,0,0,0,0,0,0,0,0
4.57,-0.929776485888251,0.368124552684678,1,-1.94778744522567,0,0,0,0,0,0,0,0,0,0,0,0,0
4.58,-0.933043264819444,0.359764181061807,1,-1.93881146621542,0,0,0,0,0,0,0,0,0,0,0,0,0
4.59,-0.936234870639737,0.351374824081343,1,-1.92983548720516,0,0,0,0,0,0,0,0,0,0,0,0,0
4.6,-0.939351046208923,0.342957157654132,1,-1.9208595081949,0,0,0,0,0,0,0,0,0,0,0,0,0
4.61,-0.942391540464035,0.334511859971845,1,-1.91188352918465,0,0,0,0,0,0,0,0,0,0,0,0,0
4.62,-0.945356108439569,0.326039611452342,1,-1.90290755017439,0,0,0,0,0,0,0,0,0,0,0,0,0
4.63,-0.948244511287226,0.317541094684844,1,-1.89393157116413,0,0,0,0,0,0,0,0,0,0,0,0,0
4.64,-0.951056516295154,0.309016994374948,1,-1.88495559215388,0,0,0,0,0,0,0,0,0,0,0,0,0
4.65,-0.953791896906692,0.300467997289452,1,-1.87597961314362,0,0,0,0,0,0,0,0,0,0,0,0,0
4.66,-0.956450432738632,0.291894792201033,1,-1.86700363413336,0,0,0,0,0,0,0,0,0,0,0,0,0
4.67,-0.959031909598966,0.283298069832749,1,-1.85802765512311,0,0,0,0,0,0,0,0,0,0,0,0,0
4.68,-0.961536119504149,0.274678522802391,1,-1.84905167611285,0,0,0,0,0,0,0,0,0,0,0,0,0
4.69,-0.963962860695853,0.266036845566675,1,-1.84007569710259,0,0,0,0,0,0,0,0,0,0,0,0,0
4.7,-0.966311937657224,0.257373734365303,1,-1.83109971809234,0,0,0,0,0,0,0,0,0,0,0,0,0
4.71,-0.968583161128631,0.248689887164855,1,-1.82212373908208,0,0,0,0,0,0,0,0,0,0,0,0,0
4.72,-0.970776348122918,0.239986003602566,1,-1.81314776007182,0,0,0,0,0,0,0,0,0,0,0,0,0
4.73,-0.972891321940145,0.231262784929952,1,-1.80417178106157,0,0,0,0,0,0,0,0,0,0,0,0,0
4.74,-0.974927912181824,0.222520933956315,1,-1.79519580205131,0,0,0,0,0,0,0,0,0,0,0,0,0
4.75,-0.976885954764648,0.213761154992114,1,-1.78621982304105,0,0,0,0,0,0,0,0,0,0,0,0,0
4.76,-0.978765291933711,0.20498415379223,1,-1.7772438440308,0,0,0,0,0,0,0,0,0,0,0,0,0
4.77,-0.98056577227522,0.196190637499095,1,-1.76826786502054,0,0,0,0,0,0,0,0,0,0,0,0,0
4.78,-0.982287250728689,0.187381314585725,1,-1.75929188601028,0,0,0,0,0,0,0,0,0,0,0,0,0
4.79,-0.98392958859863,0.178556894798636,1,-1.75031590700003,0,0,0,0,0,0,0,0,0,0,0,0,0
4.8,-0.985492653565727,0.169718089100669,1,-1.74133992798977,0,0,0,0,0,0,0,0,0,0,0,0,0
4.81,-0.986976319697496,0.160865609613698,1,-1.73236394897951,0,0,0,0,0,0,0,0,0,0,0,0,0
4.82,-0.988380467458431,0.152000169561267,1,-1.72338796996926,0,0,0,0,0,0,0,0,0,0,0,0,0
4.83,-0.989704983719635,0.14312248321112,1,-1.714411990959,0,0,0,0,0,0,0,0,0,0,0,0,0
4.84,-0.990949761767935,0.134233265817656,1,-1.70543601194874,0,0,0,0,0,0,0,0,0,0,0,0,0
4.85,-0.992114701314478,0.125333233564305,1,-1.69646003293849,0,0,0,0,0,0,0,0,0,0,0,0,0
4.86,-0.993199708502813,0.116423103505823,1,-1.68748405392823,0,0,0,0,0,0,0,0,0,0,0,0,0
4.87,-0.994204695916451,0.107503593510525,1,-1.67850807491797,0,0,0,0,0,0,0,0,0,0,0,0,0
4.88,-0.995129582585911,0.0985754222024435,1,-1.66953209590772,0,0,0,0,0,0,0,0,0,0,0,0,0
4.89,-0.995974293995239,0.0896393089034336,1,-1.66055611689746,0,0,0,0,0,0,0,0,0,0,0,0,0
4.9,-0.996738762088015,0.0806959735752171,1,-1.6515801378872,0,0,0,0,0,0,0,0,0,0,0,0,0
4.91,-0.997422925272834,0.0717461367613793,1,-1.64260415887695,0,0,0,0,0,0,0,0,0,0,0,0,0
4.92,-0.998026728428272,0.0627905195293131,1,-1.63362817986669,0,0,0,0,0,0,0,0,0,0,0,0,0
4.93,-0.998550122907321,0.0538298434121286,1,-1.62465220085644,0,0,0,0,0,0,0,0,0,0,0,0,0
4.94,-0.998993066541315,0.044864830350515,1,-1.61567622184618,0,0,0,0,0,0,0,0,0,0,0,0,0
4.95,-0.999355523643321,0.0358962026345825,1,-1.60670024283592,0,0,0,0,0,0,0,0,0,0,0,0,0
4.96,-0.999637465011021,0.0269246828456628,1,-1.59772426382567,0,0,0,0,0,0,0,0,0,0,0,0,0
4.97,-0.999838867929058,0.0179509937980975,1,-1.58874828481541,0,0,0,0,0,0,0,0,0,0,0,0,0
4.98,-0.999959716170871,0.0089758584809979,1,-1.57977230580515,0,0,0,0,0,0,0,0,0,0,0,0,0
4.99,-1,1.22464679914735e-16,1,-1.5707963267949,0,0,0,0,0,0,0,0,0,0,0,0,0
5,-0.999959716170871,-0.0089758584809981,1,-1.56182034778464,0,0,0,0,0,0,0,0,0,0,0,0,0
5.01,-0.999838867929058,-0.0179509937980972,1,-1.55284436877438,0,0,0,0,0,0,0,0,0,0,0,0,0
5.02,-0.999637465011021,-0.026924682845663,1,-1.54386838976413,0,0,0,0,0,0,0,0,0,0,0,0,0
5.03,-0.999355523643321,-0.0358962026345822,1,-1.53489241075387,0,0,0,0,0,0,0,0,0,0,0,0,0
5.04,-0.998993066541315,-0.0448648303505152,1,-1.52591643174361,0,0,0,0,0,0,0,0,0,0,0,0,0
5.05,-0.998550122907321,-0.0538298434121283,1,-1.51694045273336,0,0,0,0,0,0,0,0,0,0,0,0,0
5.06,-0.998026728428272,-0.0627905195293133,1,-1.5079644737231,0,0,0,0,0,0,0,0,0,0,0,0,0
5.07,-0.997422925272834,-0.0717461367613791,1,-1.49898849471284,0,0,0,0,0,0,0,0,0,0,0,0,0
5.08,-0.996738762088015,-0.0806959735752169,1,-1.49001251570259,0,0,0,0,0,0,0,0,0,0,0,0,0
5.09,-0.995974293995239,-0.0896393089034334,1,-1.48103653669233,0,0,0,0,0,0,0,0,0,0,0,0,0
5.1,-0.995129582585911,-0.0985754222024432,1,-1.47206055768208,0,0,0,0,0,0,0,0,0,0,0,0,0
5.11,-0.994204695916452,-0.107503593510525,1,-1.46308457867182,0,0,0,0,0,0,0,0,0,0,0,0,0
5.12,-0.993199708502813,-0.116423103505823,1,-1.45410859966156,0,0,0,0,0,0,0,0,0,0,0,0,0
5.13,-0.992114701314478,-0.125333233564304,1,-1.44513262065131,0,0,0,0,0,0,0,0,0,0,0,0,0
5.14,-0.990949761767935,-0.134233265817655,1,-1.43615664164105,0,0,0,0,0,0,0,0,0,0,0,0,0
5.15,-0.989704983719635,-0.14312248321112,1,-1.42718066263079,0,0,0,0,0,0,0,0,0,0,0,0,0
5.16,-0.988380467458431,-0.152000169561267,1,-1.41820468362054,0,0,0,0,0,0,0,0,0,0,0,0,0
5.17,-0.986976319697496,-0.160865609613699,1,-1.40922870461028,0,0,0,0,0,0,0,0,0,0,0,0,0
5.18,-0.985492653565727,-0.169718089100669,1,-1.40025272560002,0,0,0,0,0,0,0,0,0,0,0,0,0
5.19,-0.98392958859863,-0.178556894798637,1,-1.39127674658977,0,0,0,0,0,0,0,0,0,0,0,0,0
5.2,-0.982287250728689,-0.187381314585724,1,-1.38230076757951,0,0,0,0,0,0,0,0,0,0,0,0,0
5.21,-0.98056577227522,-0.196190637499095,1,-1.37332478856925,0,0,0,0,0,0,0,0,0,0,0,0,0
5.22,-0.978765291933711,-0.20498415379223,1,-1.364348809559,0,0,0,0,0,0,0,0,0,0,0,0,0
5.23,-0.976885954764648,-0.213761154992115,1,-1.35537283054874,0,0,0,0,0,0,0,0,0,0,0,0,0
5.24,-0.974927912181824,-0.222520933956314,1,-1.34639685153848,0,0,0,0,0,0,0,0,0,0,0,0,0
5.25,-0.972891321940145,-0.231262784929952,1,-1.33742087252823,0,0,0,0,0,0,0,0,0,0,0,0,0
5.26,-0.970776348122918,-0.239986003602566,1,-1.32844489351797,0,0,0,0,0,0,0,0,0,0,0,0,0
5.27,-0.968583161128631,-0.248689887164855,1,-1.31946891450771,0,0,0,0,0,0,0,0,0,0,0,0,0
5.28,-0.966311937657224,-0.257373734365302,1,-1.31049293549746,0,0,0,0,0,0,0,0,0,0,0,0,0
5.29,-0.963962860695853,-0.266036845566675,1,-1.3015169564872,0,0,0,0,0,0,0,0,0,0,0,0,0
5.3,-0.961536119504149,-0.27467852280239,1,-1.29254097747694,0,0,0,0,0,0,0,0,0,0,0,0,0
5.31,-0.959031909598966,-0.283298069832749,1,-1.28356499846669,0,0,0,0,0,0,0,0,0,0,0,0,0
5.32,-0.956450432738632,-0.291894792201033,1,-1.27458901945643,0,0,0,0,0,0,0,0,0,0,0,0,0
5.33,-0.953791896906692,-0.300467997289452,1,-1.26561304044617,0,0,0,0,0,0,0,0,0,0,0,0,0
5.34,-0.951056516295154,-0.309016994374947,1,-1.25663706143592,0,0,0,0,0,0,0,0,0,0,0,0,0
5.35,-0.948244511287226,-0.317541094684844,1,-1.24766108242566,0,0,0,0,0,0,0,0,0,0,0,0,0
5.36,-0.945356108439569,-0.326039611452342,1,-1.2386851034154,0,0,0,0,0,0,0,0,0,0,0,0,0
5.37,-0.942391540464035,-0.334511859971845,1,-1.22970912440515,0,0,0,0,0,0,0,0,0,0,0,0,0
5.38,-0.939351046208924,-0.342957157654132,1,-1.22073314539489,0,0,0,0,0,0,0,0,0,0,0,0,0
5.39,-0.936234870639737,-0.351374824081343,1,-1.21175716638463,0,0,0,0,0,0,0,0,0,0,0,0,0
5.4,-0.933043264819444,-0.359764181061807,1,-1.20278118737438,0,0,0,0,0,0,0,0,0,0,0,0,0
5.41,-0.929776485888251,-0.368124552684678,1,-1.19380520836412,0,0,0,0,0,0,0,0,0,0,0,0,0
5.42,-0.926434797042887,-0.376455265374392,1,-1.18482922935386,0,0,0,0,0,0,0,0,0,0,0,0,0
5.43,-0.923018467515397,-0.384755647944936,1,-1.17585325034361,0,0,0,0,0,0,0,0,0,0,0,0,0
5.44,-0.919527772551451,-0.393025031653923,1,-1.16687727133335,0,0,0,0,0,0,0,0,0,0,0,0,0
5.45,-0.915962993388167,-0.401262750256474,1,-1.1579012923231,0,0,0,0,0,0,0,0,0,0,0,0,0
5.46,-0.912324417231454,-0.40946814005889,1,-1.14892531331284,0,0,0,0,0,0,0,0,0,0,0,0,0
5.47,-0.908612337232874,-0.417640539972131,1,-1.13994933430258,0,0,0,0,0,0,0,0,0,0,0,0,0
5.48,-0.904827052466019,-0.425779291565073,1,-1.13097335529233,0,0,0,0,0,0,0,0,0,0,0,0,0
5.49,-0.900968867902419,-0.433883739117558,1,-1.12199737628207,0,0,0,0,0,0,0,0,0,0,0,0,0
5.5,-0.897038094386969,-0.441953229673226,1,-1.11302139727181,0,0,0,0,0,0,0,0,0,0,0,0,0
5.51,-0.893035048612885,-0.449987113092122,1,-1.10404541826156,0,0,0,0,0,0,0,0,0,0,0,0,0
5.52,-0.888960053096193,-0.457984742103068,1,-1.0950694392513,0,0,0,0,0,0,0,0,0,0,0,0,0
5.53,-0.884813436149738,-0.465945472355825,1,-1.08609346024104,0,0,0,0,0,0,0,0,0,0,0,0,0
5.54,-0.880595531856738,-0.473868662472999,1,-1.07711748123079,0,0,0,0,0,0,0,0,0,0,0,0,0
5.55,-0.876306680043864,-0.481753674101715,1,-1.06814150222053,0,0,0,0,0,0,0,0,0,0,0,0,0
5.56,-0.871947226253862,-0.489599871965052,1,-1.05916552321027,0,0,0,0,0,0,0,0,0,0,0,0,0
5.57,-0.867517521717718,-0.497406623913222,1,-1.05018954420002,0,0,0,0,0,0,0,0,0,0,0,0,0
5.58,-0.863017923326351,-0.505173300974501,1,-1.04121356518976,0,0,0,0,0,0,0,0,0,0,0,0,0
5.59,-0.858448793601866,-0.512899277405906,1,-1.0322375861795,0,0,0,0,0,0,0,0,0,0,0,0,0
5.6,-0.853810500668347,-0.520583930743609,1,-1.02326160716925,0,0,0,0,0,0,0,0,0,0,0,0,0
5.61,-0.849103418222194,-0.528226641853084,1,-1.01428562815899,0,0,0,0,0,0,0,0,0,0,0,0,0
5.62,-0.844327925502015,-0.535826794978996,1,-1.00530964914873,0,0,0,0,0,0,0,0,0,0,0,0,0
5.63,-0.839484407258077,-0.543383777794805,1,-0.996333670138478,0,0,0,0,0,0,0,0,0,0,0,0,0
5.64,-0.834573253721303,-0.550896981452103,1,-0.987357691128221,0,0,0,0,0,0,0,0,0,0,0,0,0
5.65,-0.829594860571831,-0.558365800629663,1,-0.978381712117964,0,0,0,0,0,0,0,0,0,0,0,0,0
5.66,-0.824549628907141,-0.565789633582214,1,-0.969405733107708,0,0,0,0,0,0,0,0,0,0,0,0,0
5.67,-0.819437965209732,-0.573167882188922,1,-0.960429754097452,0,0,0,0,0,0,0,0,0,0,0,0,0
5.68,-0.814260281314379,-0.580499952001573,1,-0.951453775087195,0,0,0,0,0,0,0,0,0,0,0,0,0
5.69,-0.809016994374947,-0.587785252292473,1,-0.942477796076938,0,0,0,0,0,0,0,0,0,0,0,0,0
5.7,-0.803708526830789,-0.595023196102037,1,-0.933501817066682,0,0,0,0,0,0,0,0,0,0,0,0,0
5.71,-0.798335306372702,-0.602213200286082,1,-0.924525838056426,0,0,0,0,0,0,0,0,0,0,0,0,0
5.72,-0.792897765908475,-0.609354685562808,1,-0.915549859046168,0,0,0,0,0,0,0,0,0,0,0,0,0
5.73,-0.787396343528012,-0.61644707655947,1,-0.906573880035912,0,0,0,0,0,0,0,0,0,0,0,0,0
5.74,-0.78183148246803,-0.623489801858733,1,-0.897597901025656,0,0,0,0,0,0,0,0,0,0,0,0,0
5.75,-0.776203631076353,-0.630482294044713,1,-0.888621922015399,0,0,0,0,0,0,0,0,0,0,0,0,0
5.76,-0.770513242775789,-0.63742398974869,1,-0.879645943005142,0,0,0,0,0,0,0,0,0,0,0,0,0
5.77,-0.764760776027598,-0.644314329694494,1,-0.870669963994886,0,0,0,0,0,0,0,0,0,0,0,0,0
5.78,-0.758946694294556,-0.651152758743573,1,-0.861693984984629,0,0,0,0,0,0,0,0,0,0,0,0,0
5.79,-0.753071466003611,-0.657938725939712,1,-0.852718005974373,0,0,0,0,0,0,0,0,0,0,0,0,0
5.8,-0.74713556450815,-0.664671684553426,1,-0.843742026964116,0,0,0,0,0,0,0,0,0,0,0,0,0
5.81,-0.741139468049855,-0.671351092126004,1,-0.83476604795386,0,0,0,0,0,0,0,0,0,0,0,0,0
5.82,-0.735083659720177,-0.677976410513221,1,-0.825790068943603,0,0,0,0,0,0,0,0,0,0,0,0,0
5.83,-0.728968627421412,-0.684547105928688,1,-0.816814089933347,0,0,0,0,0,0,0,0,0,0,0,0,0
5.84,-0.722794863827391,-0.691062648986865,1,-0.80783811092309,0,0,0,0,0,0,0,0,0,0,0,0,0
5.85,-0.716562866343792,-0.697522514745702,1,-0.798862131912833,0,0,0,0,0,0,0,0,0,0,0,0,0
5.86,-0.710273137068057,-0.703926182748945,1,-0.789886152902577,0,0,0,0,0,0,0,0,0,0,0,0,0
5.87,-0.703926182748945,-0.710273137068057,1,-0.780910173892321,0,0,0,0,0,0,0,0,0,0,0,0,0
5.88,-0.697522514745703,-0.716562866343792,1,-0.771934194882064,0,0,0,0,0,0,0,0,0,0,0,0,0
5.89,-0.691062648986865,-0.722794863827392,1,-0.762958215871807,0,0,0,0,0,0,0,0,0,0,0,0,0
5.9,-0.684547105928689,-0.728968627421412,1,-0.753982236861551,0,0,0,0,0,0,0,0,0,0,0,0,0
5.91,-0.677976410513221,-0.735083659720177,1,-0.745006257851294,0,0,0,0,0,0,0,0,0,0,0,0,0
5.92,-0.671351092126004,-0.741139468049855,1,-0.736030278841038,0,0,0,0,0,0,0,0,0,0,0,0,0
5.93,-0.664671684553426,-0.74713556450815,1,-0.727054299830781,0,0,0,0,0,0,0,0,0,0,0,0,0
5.94,-0.657938725939713,-0.753071466003611,1,-0.718078320820524,0,0,0,0,0,0,0,0,0,0,0,0,0
5.95,-0.651152758743574,-0.758946694294555,1,-0.709102341810268,0,0,0,0,0,0,0,0,0,0,0,0,0
5.96,-0.644314329694495,-0.764760776027598,1,-0.700126362800011,0,0,0,0,0,0,0,0,0,0,0,0,0
5.97,-0.63742398974869,-0.770513242775789,1,-0.691150383789754,0,0,0,0,0,0,0,0,0,0,0,0,0
5.98,-0.630482294044714,-0.776203631076353,1,-0.682174404779498,0,0,0,0,0,0,0,0,0,0,0,0,0
5.99,-0.623489801858734,-0.78183148246803,1,-0.673198425769242,0,0,0,0,0,0,0,0,0,0,0,0,0
6,-0.61644707655947,-0.787396343528012,1,-0.664222446758985,0,0,0,0,0,0,0,0,0,0,0,0,0
6.01,-0.609354685562808,-0.792897765908475,1,-0.655246467748728,0,0,0,0,0,0,0,0,0,0,0,0,0
6.02,-0.602213200286082,-0.798335306372702,1,-0.646270488738471,0,0,0,0,0,0,0,0,0,0,0,0,0
6.03,-0.595023196102037,-0.803708526830789,1,-0.637294509728215,0,0,0,0,0,0,0,0,0,0,0,0,0
6.04,-0.587785252292473,-0.809016994374947,1,-0.628318530717959,0,0,0,0,0,0,0,0,0,0,0,0,0
6.05,-0.580499952001573,-0.814260281314379,1,-0.619342551707701,0,0,0,0,0,0,0,0,0,0,0,0,0
6.06,-0.573167882188922,-0.819437965209732,1,-0.610366572697445,0,0,0,0,0,0,0,0,0,0,0,0,0
6.07,-0.565789633582214,-0.824549628907141,1,-0.601390593687189,0,0,0,0,0,0,0,0,0,0,0,0,0
6.08,-0.558365800629662,-0.829594860571831,1,-0.592414614676932,0,0,0,0,0,0,0,0,0,0,0,0,0
6.09,-0.550896981452102,-0.834573253721303,1,-0.583438635666675,0,0,0,0,0,0,0,0,0,0,0,0,0
6.1,-0.543383777794805,-0.839484407258077,1,-0.574462656656419,0,0,0,0,0,0,0,0,0,0,0,0,0
6.11,-0.535826794978996,-0.844327925502015,1,-0.565486677646163,0,0,0,0,0,0,0,0,0,0,0,0,0
6.12,-0.528226641853085,-0.849103418222193,1,-0.556510698635907,0,0,0,0,0,0,0,0,0,0,0,0,0
6.13,-0.520583930743609,-0.853810500668347,1,-0.547534719625651,0,0,0,0,0,0,0,0,0,0,0,0,0
6.14,-0.512899277405906,-0.858448793601866,1,-0.538558740615393,0,0,0,0,0,0,0,0,0,0,0,0,0
6.15,-0.505173300974501,-0.86301792332635,1,-0.529582761605137,0,0,0,0,0,0,0,0,0,0,0,0,0
6.16,-0.497406623913222,-0.867517521717717,1,-0.520606782594881,0,0,0,0,0,0,0,0,0,0,0,0,0
6.17,-0.489599871965053,-0.871947226253862,1,-0.511630803584624,0,0,0,0,0,0,0,0,0,0,0,0,0
6.18,-0.481753674101715,-0.876306680043864,1,-0.502654824574367,0,0,0,0,0,0,0,0,0,0,0,0,0
6.19,-0.473868662472999,-0.880595531856738,1,-0.49367884556411,0,0,0,0,0,0,0,0,0,0,0,0,0
6.2,-0.465945472355825,-0.884813436149738,1,-0.484702866553854,0,0,0,0,0,0,0,0,0,0,0,0,0
6.21,-0.457984742103068,-0.888960053096193,1,-0.475726887543598,0,0,0,0,0,0,0,0,0,0,0,0,0
6.22,-0.449987113092121,-0.893035048612886,1,-0.46675090853334,0,0,0,0,0,0,0,0,0,0,0,0,0
6.23,-0.441953229673227,-0.897038094386969,1,-0.457774929523084,0,0,0,0,0,0,0,0,0,0,0,0,0
6.24,-0.433883739117558,-0.900968867902419,1,-0.448798950512828,0,0,0,0,0,0,0,0,0,0,0,0,0
6.25,-0.425779291565073,-0.904827052466019,1,-0.439822971502571,0,0,0,0,0,0,0,0,0,0,0,0,0
6.26,-0.417640539972131,-0.908612337232875,1,-0.430846992492314,0,0,0,0,0,0,0,0,0,0,0,0,0
6.27,-0.40946814005889,-0.912324417231454,1,-0.421871013482058,0,0,0,0,0,0,0,0,0,0,0,0,0
6.28,-0.401262750256474,-0.915962993388167,1,-0.412895034471801,0,0,0,0,0,0,0,0,0,0,0,0,0
6.29,-0.393025031653924,-0.919527772551451,1,-0.403919055461545,0,0,0,0,0,0,0,0,0,0,0,0,0
6.3,-0.384755647944935,-0.923018467515398,1,-0.394943076451288,0,0,0,0,0,0,0,0,0,0,0,0,0
6.31,-0.376455265374392,-0.926434797042888,1,-0.385967097441031,0,0,0,0,0,0,0,0,0,0,0,0,0
6.32,-0.368124552684678,-0.929776485888251,1,-0.376991118430775,0,0,0,0,0,0,0,0,0,0,0,0,0
6.33,-0.359764181061807,-0.933043264819444,1,-0.368015139420519,0,0,0,0,0,0,0,0,0,0,0,0,0
6.34,-0.351374824081342,-0.936234870639737,1,-0.359039160410261,0,0,0,0,0,0,0,0,0,0,0,0,0
6.35,-0.342957157654131,-0.939351046208924,1,-0.350063181400005,0,0,0,0,0,0,0,0,0,0,0,0,0
6.36,-0.334511859971845,-0.942391540464035,1,-0.341087202389749,0,0,0,0,0,0,0,0,0,0,0,0,0
6.37,-0.326039611452343,-0.945356108439569,1,-0.332111223379493,0,0,0,0,0,0,0,0,0,0,0,0,0
6.38,-0.317541094684845,-0.948244511287226,1,-0.323135244369237,0,0,0,0,0,0,0,0,0,0,0,0,0
6.39,-0.309016994374948,-0.951056516295154,1,-0.31415926535898,0,0,0,0,0,0,0,0,0,0,0,0,0
6.4,-0.300467997289452,-0.953791896906692,1,-0.305183286348723,0,0,0,0,0,0,0,0,0,0,0,0,0
6.41,-0.291894792201034,-0.956450432738631,1,-0.296207307338467,0,0,0,0,0,0,0,0,0,0,0,0,0
6.42,-0.28329806983275,-0.959031909598965,1,-0.287231328328211,0,0,0,0,0,0,0,0,0,0,0,0,0
6.43,-0.27467852280239,-0.961536119504149,1,-0.278255349317953,0,0,0,0,0,0,0,0,0,0,0,0,0
6.44,-0.266036845566675,-0.963962860695853,1,-0.269279370307697,0,0,0,0,0,0,0,0,0,0,0,0,0
6.45,-0.257373734365303,-0.966311937657224,1,-0.26030339129744,0,0,0,0,0,0,0,0,0,0,0,0,0
6.46,-0.248689887164855,-0.968583161128631,1,-0.251327412287184,0,0,0,0,0,0,0,0,0,0,0,0,0
6.47,-0.239986003602566,-0.970776348122918,1,-0.242351433276927,0,0,0,0,0,0,0,0,0,0,0,0,0
6.48,-0.231262784929952,-0.972891321940145,1,-0.23337545426667,0,0,0,0,0,0,0,0,0,0,0,0,0
6.49,-0.222520933956315,-0.974927912181824,1,-0.224399475256414,0,0,0,0,0,0,0,0,0,0,0,0,0
6.5,-0.213761154992115,-0.976885954764648,1,-0.215423496246158,0,0,0,0,0,0,0,0,0,0,0,0,0
6.51,-0.204984153792231,-0.978765291933711,1,-0.206447517235901,0,0,0,0,0,0,0,0,0,0,0,0,0
6.52,-0.196190637499095,-0.98056577227522,1,-0.197471538225644,0,0,0,0,0,0,0,0,0,0,0,0,0
6.53,-0.187381314585725,-0.982287250728689,1,-0.188495559215388,0,0,0,0,0,0,0,0,0,0,0,0,0
6.54,-0.178556894798637,-0.98392958859863,1,-0.179519580205131,0,0,0,0,0,0,0,0,0,0,0,0,0
6.55,-0.169718089100669,-0.985492653565727,1,-0.170543601194875,0,0,0,0,0,0,0,0,0,0,0,0,0
6.56,-0.160865609613698,-0.986976319697496,1,-0.161567622184618,0,0,0,0,0,0,0,0,0,0,0,0,0
6.57,-0.152000169561267,-0.988380467458431,1,-0.152591643174361,0,0,0,0,0,0,0,0,0,0,0,0,0
6.58,-0.143122483211119,-0.989704983719635,1,-0.143615664164105,0,0,0,0,0,0,0,0,0,0,0,0,0
6.59,-0.134233265817656,-0.990949761767935,1,-0.134639685153848,0,0,0,0,0,0,0,0,0,0,0,0,0
6.6,-0.125333233564304,-0.992114701314478,1,-0.125663706143591,0,0,0,0,0,0,0,0,0,0,0,0,0
6.61,-0.116423103505823,-0.993199708502813,1,-0.116687727133335,0,0,0,0,0,0,0,0,0,0,0,0,0
6.62,-0.107503593510526,-0.994204695916451,1,-0.10771174812308,0,0,0,0,0,0,0,0,0,0,0,0,0
6.63,-0.0985754222024444,-0.995129582585911,1,-0.0987357691128232,0,0,0,0,0,0,0,0,0,0,0,0,0
6.64,-0.0896393089034346,-0.995974293995239,1,-0.0897597901025668,0,0,0,0,0,0,0,0,0,0,0,0,0
6.65,-0.0806959735752176,-0.996738762088015,1,-0.0807838110923096,0,0,0,0,0,0,0,0,0,0,0,0,0
6.66,-0.0717461367613798,-0.997422925272834,1,-0.0718078320820532,0,0,0,0,0,0,0,0,0,0,0,0,0
6.67,-0.0627905195293141,-0.998026728428272,1,-0.0628318530717968,0,0,0,0,0,0,0,0,0,0,0,0,0
6.68,-0.0538298434121291,-0.998550122907321,1,-0.0538558740615405,0,0,0,0,0,0,0,0,0,0,0,0,0
6.69,-0.0448648303505151,-0.998993066541315,1,-0.0448798950512832,0,0,0,0,0,0,0,0,0,0,0,0,0
6.7,-0.0358962026345825,-0.999355523643321,1,-0.0359039160410268,0,0,0,0,0,0,0,0,0,0,0,0,0
6.71,-0.0269246828456634,-0.999637465011021,1,-0.0269279370307705,0,0,0,0,0,0,0,0,0,0,0,0,0
6.72,-0.017950993798098,-0.999838867929058,1,-0.0179519580205141,0,0,0,0,0,0,0,0,0,0,0,0,0
6.73,-0.00897585848099796,-0.999959716170871,1,-0.00897597901025682,0,0,0,0,0,0,0,0,0,0,0,0,0
6.74,-1.83697019872103e-16,-1,1,-4.44089209850063e-16,0,0,0,0,0,0,0,0,0,0,0,0,0
6.75,0.00897585848099759,-0.999959716170871,1,0.00897597901025615,0,0,0,0,0,0,0,0,0,0,0,0,0
6.76,0.0179509937980967,-0.999838867929058,1,0.0179519580205125,0,0,0,0,0,0,0,0,0,0,0,0,0
6.77,0.026924682845663,-0.999637465011021,1,0.0269279370307698,0,0,0,0,0,0,0,0,0,0,0,0,0
6.78,0.0358962026345822,-0.999355523643321,1,0.0359039160410262,0,0,0,0,0,0,0,0,0,0,0,0,0
6.79,0.0448648303505147,-0.998993066541315,1,0.0448798950512825,0,0,0,0,0,0,0,0,0,0,0,0,0
6.8,0.0538298434121278,-0.998550122907321,1,0.0538558740615389,0,0,0,0,0,0,0,0,0,0,0,0,0
6.81,0.0627905195293137,-0.998026728428272,1,0.0628318530717962,0,0,0,0,0,0,0,0,0,0,0,0,0
6.82,0.0717461367613794,-0.997422925272834,1,0.0718078320820525,0,0,0,0,0,0,0,0,0,0,0,0,0
6.83,0.0806959735752173,-0.996738762088015,1,0.0807838110923089,0,0,0,0,0,0,0,0,0,0,0,0,0
6.84,0.0896393089034333,-0.995974293995239,1,0.0897597901025653,0,0,0,0,0,0,0,0,0,0,0,0,0
6.85,0.098575422202444,-0.995129582585911,1,0.0987357691128226,0,0,0,0,0,0,0,0,0,0,0,0,0
6.86,0.107503593510525,-0.994204695916451,1,0.107711748123079,0,0,0,0,0,0,0,0,0,0,0,0,0
6.87,0.116423103505822,-0.993199708502813,1,0.116687727133334,0,0,0,0,0,0,0,0,0,0,0,0,0
6.88,0.125333233564303,-0.992114701314478,1,0.125663706143591,0,0,0,0,0,0,0,0,0,0,0,0,0
6.89,0.134233265817654,-0.990949761767935,1,0.134639685153847,0,0,0,0,0,0,0,0,0,0,0,0,0
6.9,0.143122483211119,-0.989704983719635,1,0.143615664164104,0,0,0,0,0,0,0,0,0,0,0,0,0
6.91,0.152000169561267,-0.988380467458431,1,0.152591643174361,0,0,0,0,0,0,0,0,0,0,0,0,0
6.92,0.160865609613698,-0.986976319697496,1,0.161567622184617,0,0,0,0,0,0,0,0,0,0,0,0,0
6.93,0.169718089100668,-0.985492653565727,1,0.170543601194874,0,0,0,0,0,0,0,0,0,0,0,0,0
6.94,0.178556894798636,-0.98392958859863,1,0.179519580205131,0,0,0,0,0,0,0,0,0,0,0,0,0
6.95,0.187381314585724,-0.982287250728689,1,0.188495559215387,0,0,0,0,0,0,0,0,0,0,0,0,0
6.96,0.196190637499095,-0.98056577227522,1,0.197471538225644,0,0,0,0,0,0,0,0,0,0,0,0,0
6.97,0.20498415379223,-0.978765291933712,1,0.2064475172359,0,0,0,0,0,0,0,0,0,0,0,0,0
6.98,0.213761154992114,-0.976885954764648,1,0.215423496246157,0,0,0,0,0,0,0,0,0,0,0,0,0
6.99,0.222520933956314,-0.974927912181824,1,0.224399475256414,0,0,0,0,0,0,0,0,0,0,0,0,0
7,0.231262784929952,-0.972891321940145,1,0.23337545426667,0,0,0,0,0,0,0,0,0,0,0,0,0
7.01,0.239986003602565,-0.970776348122918,1,0.242351433276926,0,0,0,0,0,0,0,0,0,0,0,0,0
7.02,0.248689887164855,-0.968583161128631,1,0.251327412287184,0,0,0,0,0,0,0,0,0,0,0,0,0
7.03,0.257373734365302,-0.966311937657224,1,0.26030339129744,0,0,0,0,0,0,0,0,0,0,0,0,0
7.04,0.266036845566675,-0.963962860695853,1,0.269279370307696,0,0,0,0,0,0,0,0,0,0,0,0,0
7.05,0.27467852280239,-0.961536119504149,1,0.278255349317953,0,0,0,0,0,0,0,0,0,0,0,0,0
7.06,0.28329806983275,-0.959031909598966,1,0.28723132832821,0,0,0,0,0,0,0,0,0,0,0,0,0
7.07,0.291894792201033,-0.956450432738632,1,0.296207307338466,0,0,0,0,0,0,0,0,0,0,0,0,0
7.08,0.300467997289452,-0.953791896906692,1,0.305183286348723,0,0,0,0,0,0,0,0,0,0,0,0,0
7.09,0.309016994374947,-0.951056516295154,1,0.314159265358979,0,0,0,0,0,0,0,0,0,0,0,0,0
7.1,0.317541094684845,-0.948244511287226,1,0.323135244369236,0,0,0,0,0,0,0,0,0,0,0,0,0
7.11,0.326039611452342,-0.945356108439569,1,0.332111223379493,0,0,0,0,0,0,0,0,0,0,0,0,0
7.12,0.334511859971845,-0.942391540464035,1,0.341087202389748,0,0,0,0,0,0,0,0,0,0,0,0,0
7.13,0.342957157654131,-0.939351046208924,1,0.350063181400005,0,0,0,0,0,0,0,0,0,0,0,0,0
7.14,0.351374824081342,-0.936234870639738,1,0.359039160410261,0,0,0,0,0,0,0,0,0,0,0,0,0
7.15,0.359764181061807,-0.933043264819444,1,0.368015139420518,0,0,0,0,0,0,0,0,0,0,0,0,0
7.16,0.368124552684677,-0.929776485888252,1,0.376991118430775,0,0,0,0,0,0,0,0,0,0,0,0,0
7.17,0.376455265374391,-0.926434797042888,1,0.385967097441031,0,0,0,0,0,0,0,0,0,0,0,0,0
7.18,0.384755647944935,-0.923018467515398,1,0.394943076451287,0,0,0,0,0,0,0,0,0,0,0,0,0
7.19,0.393025031653923,-0.919527772551451,1,0.403919055461545,0,0,0,0,0,0,0,0,0,0,0,0,0
7.2,0.401262750256474,-0.915962993388167,1,0.412895034471801,0,0,0,0,0,0,0,0,0,0,0,0,0
7.21,0.40946814005889,-0.912324417231455,1,0.421871013482057,0,0,0,0,0,0,0,0,0,0,0,0,0
7.22,0.41764053997213,-0.908612337232875,1,0.430846992492314,0,0,0,0,0,0,0,0,0,0,0,0,0
7.23,0.425779291565073,-0.90482705246602,1,0.439822971502571,0,0,0,0,0,0,0,0,0,0,0,0,0
7.24,0.433883739117558,-0.900968867902419,1,0.448798950512827,0,0,0,0,0,0,0,0,0,0,0,0,0
7.25,0.441953229673226,-0.897038094386969,1,0.457774929523084,0,0,0,0,0,0,0,0,0,0,0,0,0
7.26,0.449987113092121,-0.893035048612886,1,0.46675090853334,0,0,0,0,0,0,0,0,0,0,0,0,0
7.27,0.457984742103068,-0.888960053096193,1,0.475726887543597,0,0,0,0,0,0,0,0,0,0,0,0,0
7.28,0.465945472355825,-0.884813436149738,1,0.484702866553854,0,0,0,0,0,0,0,0,0,0,0,0,0
7.29,0.473868662472998,-0.880595531856738,1,0.49367884556411,0,0,0,0,0,0,0,0,0,0,0,0,0
7.3,0.481753674101715,-0.876306680043864,1,0.502654824574366,0,0,0,0,0,0,0,0,0,0,0,0,0
7.31,0.489599871965053,-0.871947226253862,1,0.511630803584624,0,0,0,0,0,0,0,0,0,0,0,0,0
7.32,0.497406623913222,-0.867517521717717,1,0.52060678259488,0,0,0,0,0,0,0,0,0,0,0,0,0
7.33,0.505173300974501,-0.86301792332635,1,0.529582761605137,0,0,0,0,0,0,0,0,0,0,0,0,0
7.34,0.512899277405906,-0.858448793601866,1,0.538558740615393,0,0,0,0,0,0,0,0,0,0,0,0,0
7.35,0.520583930743609,-0.853810500668347,1,0.54753471962565,0,0,0,0,0,0,0,0,0,0,0,0,0
7.36,0.528226641853085,-0.849103418222193,1,0.556510698635907,0,0,0,0,0,0,0,0,0,0,0,0,0
7.37,0.535826794978996,-0.844327925502016,1,0.565486677646162,0,0,0,0,0,0,0,0,0,0,0,0,0
7.38,0.543383777794805,-0.839484407258078,1,0.574462656656418,0,0,0,0,0,0,0,0,0,0,0,0,0
7.39,0.550896981452102,-0.834573253721303,1,0.583438635666676,0,0,0,0,0,0,0,0,0,0,0,0,0
7.4,0.558365800629662,-0.829594860571831,1,0.592414614676932,0,0,0,0,0,0,0,0,0,0,0,0,0
7.41,0.565789633582214,-0.824549628907141,1,0.601390593687188,0,0,0,0,0,0,0,0,0,0,0,0,0
7.42,0.573167882188922,-0.819437965209732,1,0.610366572697445,0,0,0,0,0,0,0,0,0,0,0,0,0
7.43,0.580499952001573,-0.814260281314379,1,0.619342551707701,0,0,0,0,0,0,0,0,0,0,0,0,0
7.44,0.587785252292473,-0.809016994374948,1,0.628318530717958,0,0,0,0,0,0,0,0,0,0,0,0,0
7.45,0.595023196102037,-0.803708526830789,1,0.637294509728215,0,0,0,0,0,0,0,0,0,0,0,0,0
7.46,0.602213200286082,-0.798335306372702,1,0.646270488738471,0,0,0,0,0,0,0,0,0,0,0,0,0
7.47,0.609354685562808,-0.792897765908476,1,0.655246467748728,0,0,0,0,0,0,0,0,0,0,0,0,0
7.48,0.61644707655947,-0.787396343528012,1,0.664222446758985,0,0,0,0,0,0,0,0,0,0,0,0,0
7.49,0.623489801858733,-0.78183148246803,1,0.673198425769241,0,0,0,0,0,0,0,0,0,0,0,0,0
7.5,0.630482294044713,-0.776203631076353,1,0.682174404779498,0,0,0,0,0,0,0,0,0,0,0,0,0
7.51,0.637423989748689,-0.77051324277579,1,0.691150383789754,0,0,0,0,0,0,0,0,0,0,0,0,0
7.52,0.644314329694494,-0.764760776027599,1,0.70012636280001,0,0,0,0,0,0,0,0,0,0,0,0,0
7.53,0.651152758743573,-0.758946694294556,1,0.709102341810268,0,0,0,0,0,0,0,0,0,0,0,0,0
7.54,0.657938725939712,-0.753071466003611,1,0.718078320820524,0,0,0,0,0,0,0,0,0,0,0,0,0
7.55,0.664671684553426,-0.747135564508149,1,0.727054299830781,0,0,0,0,0,0,0,0,0,0,0,0,0
7.56,0.671351092126004,-0.741139468049855,1,0.736030278841038,0,0,0,0,0,0,0,0,0,0,0,0,0
7.57,0.677976410513221,-0.735083659720177,1,0.745006257851294,0,0,0,0,0,0,0,0,0,0,0,0,0
7.58,0.684547105928689,-0.728968627421412,1,0.75398223686155,0,0,0,0,0,0,0,0,0,0,0,0,0
7.59,0.691062648986865,-0.722794863827392,1,0.762958215871807,0,0,0,0,0,0,0,0,0,0,0,0,0
7.6,0.697522514745702,-0.716562866343793,1,0.771934194882063,0,0,0,0,0,0,0,0,0,0,0,0,0
7.61,0.703926182748945,-0.710273137068057,1,0.78091017389232,0,0,0,0,0,0,0,0,0,0,0,0,0
7.62,0.710273137068057,-0.703926182748945,1,0.789886152902576,0,0,0,0,0,0,0,0,0,0,0,0,0
7.63,0.716562866343792,-0.697522514745702,1,0.798862131912833,0,0,0,0,0,0,0,0,0,0,0,0,0
7.64,0.722794863827391,-0.691062648986865,1,0.807838110923089,0,0,0,0,0,0,0,0,0,0,0,0,0
7.65,0.728968627421411,-0.684547105928689,1,0.816814089933346,0,0,0,0,0,0,0,0,0,0,0,0,0
7.66,0.735083659720176,-0.677976410513221,1,0.825790068943602,0,0,0,0,0,0,0,0,0,0,0,0,0
7.67,0.741139468049854,-0.671351092126005,1,0.834766047953859,0,0,0,0,0,0,0,0,0,0,0,0,0
7.68,0.747135564508149,-0.664671684553426,1,0.843742026964115,0,0,0,0,0,0,0,0,0,0,0,0,0
7.69,0.75307146600361,-0.657938725939713,1,0.852718005974371,0,0,0,0,0,0,0,0,0,0,0,0,0
7.7,0.758946694294555,-0.651152758743574,1,0.861693984984629,0,0,0,0,0,0,0,0,0,0,0,0,0
7.71,0.764760776027598,-0.644314329694495,1,0.870669963994885,0,0,0,0,0,0,0,0,0,0,0,0,0
7.72,0.770513242775789,-0.63742398974869,1,0.879645943005142,0,0,0,0,0,0,0,0,0,0,0,0,0
7.73,0.776203631076353,-0.630482294044714,1,0.888621922015399,0,0,0,0,0,0,0,0,0,0,0,0,0
7.74,0.78183148246803,-0.623489801858734,1,0.897597901025655,0,0,0,0,0,0,0,0,0,0,0,0,0
7.75,0.787396343528012,-0.61644707655947,1,0.906573880035911,0,0,0,0,0,0,0,0,0,0,0,0,0
7.76,0.792897765908475,-0.609354685562809,1,0.915549859046168,0,0,0,0,0,0,0,0,0,0,0,0,0
7.77,0.798335306372701,-0.602213200286083,1,0.924525838056424,0,0,0,0,0,0,0,0,0,0,0,0,0
7.78,0.803708526830789,-0.595023196102037,1,0.933501817066681,0,0,0,0,0,0,0,0,0,0,0,0,0
7.79,0.809016994374947,-0.587785252292473,1,0.942477796076938,0,0,0,0,0,0,0,0,0,0,0,0,0
7.8,0.814260281314379,-0.580499952001573,1,0.951453775087195,0,0,0,0,0,0,0,0,0,0,0,0,0
7.81,0.819437965209732,-0.573167882188922,1,0.960429754097451,0,0,0,0,0,0,0,0,0,0,0,0,0
7.82,0.824549628907141,-0.565789633582214,1,0.969405733107708,0,0,0,0,0,0,0,0,0,0,0,0,0
7.83,0.829594860571831,-0.558365800629663,1,0.978381712117964,0,0,0,0,0,0,0,0,0,0,0,0,0
7.84,0.834573253721303,-0.550896981452103,1,0.98735769112822,0,0,0,0,0,0,0,0,0,0,0,0,0
7.85,0.839484407258077,-0.543383777794806,1,0.996333670138477,0,0,0,0,0,0,0,0,0,0,0,0,0
7.86,0.844327925502015,-0.535826794978996,1,1.00530964914873,0,0,0,0,0,0,0,0,0,0,0,0,0
7.87,0.849103418222193,-0.528226641853085,1,1.01428562815899,0,0,0,0,0,0,0,0,0,0,0,0,0
7.88,0.853810500668347,-0.520583930743609,1,1.02326160716925,0,0,0,0,0,0,0,0,0,0,0,0,0
7.89,0.858448793601866,-0.512899277405906,1,1.0322375861795,0,0,0,0,0,0,0,0,0,0,0,0,0
7.9,0.86301792332635,-0.505173300974501,1,1.04121356518976,0,0,0,0,0,0,0,0,0,0,0,0,0
7.91,0.867517521717717,-0.497406623913223,1,1.05018954420002,0,0,0,0,0,0,0,0,0,0,0,0,0
7.92,0.871947226253862,-0.489599871965053,1,1.05916552321027,0,0,0,0,0,0,0,0,0,0,0,0,0
7.93,0.876306680043863,-0.481753674101716,1,1.06814150222053,0,0,0,0,0,0,0,0,0,0,0,0,0
7.94,0.880595531856737,-0.473868662473,1,1.07711748123079,0,0,0,0,0,0,0,0,0,0,0,0,0
7.95,0.884813436149738,-0.465945472355825,1,1.08609346024104,0,0,0,0,0,0,0,0,0,0,0,0,0
7.96,0.888960053096193,-0.457984742103068,1,1.0950694392513,0,0,0,0,0,0,0,0,0,0,0,0,0
7.97,0.893035048612885,-0.449987113092121,1,1.10404541826156,0,0,0,0,0,0,0,0,0,0,0,0,0
7.98,0.897038094386969,-0.441953229673227,1,1.11302139727181,0,0,0,0,0,0,0,0,0,0,0,0,0
7.99,0.900968867902419,-0.433883739117558,1,1.12199737628207,0,0,0,0,0,0,0,0,0,0,0,0,0
8,0.904827052466019,-0.425779291565073,1,1.13097335529233,0,0,0,0,0,0,0,0,0,0,0,0,0
8.01,0.908612337232874,-0.417640539972132,1,1.13994933430258,0,0,0,0,0,0,0,0,0,0,0,0,0
8.02,0.912324417231454,-0.409468140058891,1,1.14892531331284,0,0,0,0,0,0,0,0,0,0,0,0,0
8.03,0.915962993388167,-0.401262750256474,1,1.1579012923231,0,0,0,0,0,0,0,0,0,0,0,0,0
8.04,0.919527772551451,-0.393025031653924,1,1.16687727133335,0,0,0,0,0,0,0,0,0,0,0,0,0
8.05,0.923018467515397,-0.384755647944936,1,1.17585325034361,0,0,0,0,0,0,0,0,0,0,0,0,0
8.06,0.926434797042888,-0.376455265374392,1,1.18482922935387,0,0,0,0,0,0,0,0,0,0,0,0,0
8.07,0.929776485888251,-0.368124552684678,1,1.19380520836412,0,0,0,0,0,0,0,0,0,0,0,0,0
8.08,0.933043264819444,-0.359764181061807,1,1.20278118737438,0,0,0,0,0,0,0,0,0,0,0,0,0
8.09,0.936234870639737,-0.351374824081343,1,1.21175716638463,0,0,0,0,0,0,0,0,0,0,0,0,0
8.1,0.939351046208923,-0.342957157654132,1,1.22073314539489,0,0,0,0,0,0,0,0,0,0,0,0,0
8.11,0.942391540464035,-0.334511859971845,1,1.22970912440515,0,0,0,0,0,0,0,0,0,0,0,0,0
8.12,0.945356108439569,-0.326039611452343,1,1.2386851034154,0,0,0,0,0,0,0,0,0,0,0,0,0
8.13,0.948244511287226,-0.317541094684844,1,1.24766108242566,0,0,0,0,0,0,0,0,0,0,0,0,0
8.14,0.951056516295154,-0.309016994374948,1,1.25663706143592,0,0,0,0,0,0,0,0,0,0,0,0,0
8.15,0.953791896906692,-0.300467997289452,1,1.26561304044617,0,0,0,0,0,0,0,0,0,0,0,0,0
8.16,0.956450432738631,-0.291894792201034,1,1.27458901945643,0,0,0,0,0,0,0,0,0,0,0,0,0
8.17,0.959031909598965,-0.28329806983275,1,1.28356499846669,0,0,0,0,0,0,0,0,0,0,0,0,0
8.18,0.961536119504149,-0.274678522802391,1,1.29254097747694,0,0,0,0,0,0,0,0,0,0,0,0,0
8.19,0.963962860695853,-0.266036845566676,1,1.3015169564872,0,0,0,0,0,0,0,0,0,0,0,0,0
8.2,0.966311937657224,-0.257373734365303,1,1.31049293549746,0,0,0,0,0,0,0,0,0,0,0,0,0
8.21,0.968583161128631,-0.248689887164855,1,1.31946891450771,0,0,0,0,0,0,0,0,0,0,0,0,0
8.22,0.970776348122918,-0.239986003602566,1,1.32844489351797,0,0,0,0,0,0,0,0,0,0,0,0,0
8.23,0.972891321940145,-0.231262784929952,1,1.33742087252823,0,0,0,0,0,0,0,0,0,0,0,0,0
8.24,0.974927912181824,-0.222520933956315,1,1.34639685153848,0,0,0,0,0,0,0,0,0,0,0,0,0
8.25,0.976885954764648,-0.213761154992115,1,1.35537283054874,0,0,0,0,0,0,0,0,0,0,0,0,0
8.26,0.978765291933711,-0.204984153792231,1,1.364348809559,0,0,0,0,0,0,0,0,0,0,0,0,0
8.27,0.98056577227522,-0.196190637499096,1,1.37332478856925,0,0,0,0,0,0,0,0,0,0,0,0,0
8.28,0.982287250728689,-0.187381314585725,1,1.38230076757951,0,0,0,0,0,0,0,0,0,0,0,0,0
8.29,0.98392958859863,-0.178556894798637,1,1.39127674658977,0,0,0,0,0,0,0,0,0,0,0,0,0
8.3,0.985492653565727,-0.169718089100668,1,1.40025272560002,0,0,0,0,0,0,0,0,0,0,0,0,0
8.31,0.986976319697496,-0.160865609613698,1,1.40922870461028,0,0,0,0,0,0,0,0,0,0,0,0,0
8.32,0.988380467458431,-0.152000169561267,1,1.41820468362054,0,0,0,0,0,0,0,0,0,0,0,0,0
8.33,0.989704983719635,-0.14312248321112,1,1.42718066263079,0,0,0,0,0,0,0,0,0,0,0,0,0
8.34,0.990949761767935,-0.134233265817656,1,1.43615664164105,0,0,0,0,0,0,0,0,0,0,0,0,0
8.35,0.992114701314478,-0.125333233564305,1,1.4451326206513,0,0,0,0,0,0,0,0,0,0,0,0,0
8.36,0.993199708502813,-0.116423103505823,1,1.45410859966156,0,0,0,0,0,0,0,0,0,0,0,0,0
8.37,0.994204695916451,-0.107503593510526,1,1.46308457867182,0,0,0,0,0,0,0,0,0,0,0,0,0
8.38,0.995129582585911,-0.0985754222024436,1,1.47206055768207,0,0,0,0,0,0,0,0,0,0,0,0,0
8.39,0.995974293995239,-0.0896393089034337,1,1.48103653669233,0,0,0,0,0,0,0,0,0,0,0,0,0
8.4,0.996738762088015,-0.0806959735752177,1,1.49001251570259,0,0,0,0,0,0,0,0,0,0,0,0,0
8.41,0.997422925272834,-0.0717461367613799,1,1.49898849471284,0,0,0,0,0,0,0,0,0,0,0,0,0
8.42,0.998026728428272,-0.0627905195293142,1,1.5079644737231,0,0,0,0,0,0,0,0,0,0,0,0,0
8.43,0.998550122907321,-0.0538298434121292,1,1.51694045273336,0,0,0,0,0,0,0,0,0,0,0,0,0
8.44,0.998993066541315,-0.0448648303505161,1,1.52591643174361,0,0,0,0,0,0,0,0,0,0,0,0,0
8.45,0.999355523643321,-0.0358962026345826,1,1.53489241075387,0,0,0,0,0,0,0,0,0,0,0,0,0
8.46,0.999637465011021,-0.0269246828456634,1,1.54386838976413,0,0,0,0,0,0,0,0,0,0,0,0,0
8.47,0.999838867929058,-0.0179509937980971,1,1.55284436877438,0,0,0,0,0,0,0,0,0,0,0,0,0
8.48,0.999959716170871,-0.00897585848099802,1,1.56182034778464,0,0,0,0,0,0,0,0,0,0,0,0,0
8.49,1,-2.44929359829471e-16,1,1.5707963267949,0,0,0,0,0,0,0,0,0,0,0,0,0
8.5,1,0,1,1.5707963267949,0,0,0,0,0,0,0,0,0,0,0,0,0
8.51,0.993333333333333,0,0.993333333333333,1.56032435128293,0,0,0,0,0,0,0,0,0,0,0,0,0
8.52,0.986666666666667,0,0.986666666666667,1.54985237577096,0,0,0,0,0,0,0,0,0,0,0,0,0
8.53,0.98,0,0.98,1.539380400259,0,0,0,0,0,0,0,0,0,0,0,0,0
8.54,0.973333333333333,0,0.973333333333333,1.52890842474703,0,0,0,0,0,0,0,0,0,0,0,0,0
8.55,0.966666666666667,0,0.966666666666667,1.51843644923507,0,0,0,0,0,0,0,0,0,0,0,0,0
8.56,0.96,0,0.96,1.5079644737231,0,0,0,0,0,0,0,0,0,0,0,0,0
8.57,0.953333333333333,0,0.953333333333333,1.49749249821113,0,0,0,0,0,0,0,0,0,0,0,0,0
8.58,0.946666666666667,0,0.946666666666667,1.48702052269917,0,0,0,0,0,0,0,0,0,0,0,0,0
8.59,0.94,0,0.94,1.4765485471872,0,0,0,0,0,0,0,0,0,0,0,0,0
8.6,0.933333333333333,0,0.933333333333333,1.46607657167524,0,0,0,0,0,0,0,0,0,0,0,0,0
8.61,0.926666666666667,0,0.926666666666667,1.45560459616327,0,0,0,0,0,0,0,0,0,0,0,0,0
8.62,0.92,0,0.92,1.4451326206513,0,0,0,0,0,0,0,0,0,0,0,0,0
8.63,0.913333333333333,0,0.913333333333333,1.43466064513934,0,0,0,0,0,0,0,0,0,0,0,0,0
8.64,0.906666666666667,0,0.906666666666667,1.42418866962737,0,0,0,0,0,0,0,0,0,0,0,0,0
8.65,0.9,0,0.9,1.41371669411541,0,0,0,0,0,0,0,0,0,0,0,0,0
8.66,0.893333333333333,0,0.893333333333333,1.40324471860344,0,0,0,0,0,0,0,0,0,0,0,0,0
8.67,0.886666666666667,0,0.886666666666667,1.39277274309147,0,0,0,0,0,0,0,0,0,0,0,0,0
8.68,0.88,0,0.88,1.38230076757951,0,0,0,0,0,0,0,0,0,0,0,0,0
8.69,0.873333333333333,0,0.873333333333333,1.37182879206754,0,0,0,0,0,0,0,0,0,0,0,0,0
8.7,0.866666666666667,0,0.866666666666667,1.36135681655558,0,0,0,0,0,0,0,0,0,0,0,0,0
8.71,0.86,0,0.86,1.35088484104361,0,0,0,0,0,0,0,0,0,0,0,0,0
8.72,0.853333333333333,0,0.853333333333333,1.34041286553165,0,0,0,0,0,0,0,0,0,0,0,0,0
8.73,0.846666666666667,0,0.846666666666667,1.32994089001968,0,0,0,0,0,0,0,0,0,0,0,0,0
8.74,0.84,0,0.84,1.31946891450771,0,0,0,0,0,0,0,0,0,0,0,0,0
8.75,0.833333333333333,0,0.833333333333333,1.30899693899575,0,0,0,0,0,0,0,0,0,0,0,0,0
8.76,0.826666666666667,0,0.826666666666667,1.29852496348378,0,0,0,0,0,0,0,0,0,0,0,0,0
8.77,0.82,0,0.82,1.28805298797182,0,0,0,0,0,0,0,0,0,0,0,0,0
8.78,0.813333333333333,0,0.813333333333333,1.27758101245985,0,0,0,0,0,0,0,0,0,0,0,0,0
8.79,0.806666666666667,0,0.806666666666667,1.26710903694788,0,0,0,0,0,0,0,0,0,0,0,0,0
8.8,0.8,0,0.8,1.25663706143592,0,0,0,0,0,0,0,0,0,0,0,0,0
8.81,0.793333333333333,0,0.793333333333333,1.24616508592395,0,0,0,0,0,0,0,0,0,0,0,0,0
8.82,0.786666666666667,0,0.786666666666667,1.23569311041199,0,0,0,0,0,0,0,0,0,0,0,0,0
8.83,0.78,0,0.78,1.22522113490002,0,0,0,0,0,0,0,0,0,0,0,0,0
8.84,0.773333333333333,0,0.773333333333333,1.21474915938805,0,0,0,0,0,0,0,0,0,0,0,0,0
8.85,0.766666666666667,0,0.766666666666667,1.20427718387609,0,0,0,0,0,0,0,0,0,0,0,0,0
8.86,0.76,0,0.76,1.19380520836412,0,0,0,0,0,0,0,0,0,0,0,0,0
8.87,0.753333333333333,0,0.753333333333333,1.18333323285216,0,0,0,0,0,0,0,0,0,0,0,0,0
8.88,0.746666666666667,0,0.746666666666667,1.17286125734019,0,0,0,0,0,0,0,0,0,0,0,0,0
8.89,0.74,0,0.74,1.16238928182822,0,0,0,0,0,0,0,0,0,0,0,0,0
8.9,0.733333333333333,0,0.733333333333333,1.15191730631626,0,0,0,0,0,0,0,0,0,0,0,0,0
8.91,0.726666666666667,0,0.726666666666667,1.14144533080429,0,0,0,0,0,0,0,0,0,0,0,0,0
8.92,0.72,0,0.72,1.13097335529233,0,0,0,0,0,0,0,0,0,0,0,0,0
8.93,0.713333333333333,0,0.713333333333333,1.12050137978036,0,0,0,0,0,0,0,0,0,0,0,0,0
8.94,0.706666666666667,0,0.706666666666667,1.11002940426839,0,0,0,0,0,0,0,0,0,0,0,0,0
8.95,0.7,0,0.7,1.09955742875643,0,0,0,0,0,0,0,0,0,0,0,0,0
8.96,0.693333333333333,0,0.693333333333333,1.08908545324446,0,0,0,0,0,0,0,0,0,0,0,0,0
8.97,0.686666666666667,0,0.686666666666667,1.0786134777325,0,0,0,0,0,0,0,0,0,0,0,0,0
8.98,0.68,0,0.68,1.06814150222053,0,0,0,0,0,0,0,0,0,0,0,0,0
8.99,0.673333333333333,0,0.673333333333333,1.05766952670856,0,0,0,0,0,0,0,0,0,0,0,0,0
9,0.666666666666667,0,0.666666666666667,1.0471975511966,0,0,0,0,0,0,0,0,0,0,0,0,0
9.01,0.66,0,0.66,1.03672557568463,0,0,0,0,0,0,0,0,0,0,0,0,0
9.02,0.653333333333333,0,0.653333333333333,1.02625360017267,0,0,0,0,0,0,0,0,0,0,0,0,0
9.03,0.646666666666667,0,0.646666666666667,1.0157816246607,0,0,0,0,0,0,0,0,0,0,0,0,0
9.04,0.64,0,0.64,1.00530964914873,0,0,0,0,0,0,0,0,0,0,0,0,0
9.05,0.633333333333333,0,0.633333333333333,0.994837673636768,0,0,0,0,0,0,0,0,0,0,0,0,0
9.06,0.626666666666667,0,0.626666666666667,0.984365698124802,0,0,0,0,0,0,0,0,0,0,0,0,0
9.07,0.62,0,0.62,0.973893722612836,0,0,0,0,0,0,0,0,0,0,0,0,0
9.08,0.613333333333333,0,0.613333333333333,0.96342174710087,0,0,0,0,0,0,0,0,0,0,0,0,0
9.09,0.606666666666667,0,0.606666666666667,0.952949771588904,0,0,0,0,0,0,0,0,0,0,0,0,0
9.1,0.6,0,0.6,0.942477796076938,0,0,0,0,0,0,0,0,0,0,0,0,0
9.11,0.593333333333333,0,0.593333333333333,0.932005820564972,0,0,0,0,0,0,0,0,0,0,0,0,0
9.12,0.586666666666667,0,0.586666666666667,0.921533845053006,0,0,0,0,0,0,0,0,0,0,0,0,0
9.13,0.58,0,0.58,0.91106186954104,0,0,0,0,0,0,0,0,0,0,0,0,0
9.14,0.573333333333333,0,0.573333333333333,0.900589894029074,0,0,0,0,0,0,0,0,0,0,0,0,0
9.15,0.566666666666667,0,0.566666666666667,0.890117918517108,0,0,0,0,0,0,0,0,0,0,0,0,0
9.16,0.56,0,0.56,0.879645943005142,0,0,0,0,0,0,0,0,0,0,0,0,0
9.17,0.553333333333333,0,0.553333333333333,0.869173967493176,0,0,0,0,0,0,0,0,0,0,0,0,0
9.18,0.546666666666667,0,0.546666666666667,0.85870199198121,0,0,0,0,0,0,0,0,0,0,0,0,0
9.19,0.54,0,0.54,0.848230016469244,0,0,0,0,0,0,0,0,0,0,0,0,0
9.2,0.533333333333333,0,0.533333333333333,0.837758040957278,0,0,0,0,0,0,0,0,0,0,0,0,0
9.21,0.526666666666667,0,0.526666666666667,0.827286065445312,0,0,0,0,0,0,0,0,0,0,0,0,0
9.22,0.52,0,0.52,0.816814089933346,0,0,0,0,0,0,0,0,0,0,0,0,0
9.23,0.513333333333333,0,0.513333333333333,0.80634211442138,0,0,0,0,0,0,0,0,0,0,0,0,0
9.24,0.506666666666667,0,0.506666666666667,0.795870138909414,0,0,0,0,0,0,0,0,0,0,0,0,0
9.25,0.5,0,0.5,0.785398163397448,0,0,0,0,0,0,0,0,0,0,0,0,0
9.26,0.493333333333333,0,0.493333333333333,0.774926187885482,0,0,0,0,0,0,0,0,0,0,0,0,0
9.27,0.486666666666667,0,0.486666666666667,0.764454212373516,0,0,0,0,0,0,0,0,0,0,0,0,0
9.28,0.48,0,0.48,0.75398223686155,0,0,0,0,0,0,0,0,0,0,0,0,0
9.29,0.473333333333333,0,0.473333333333333,0.743510261349584,0,0,0,0,0,0,0,0,0,0,0,0,0
9.3,0.466666666666667,0,0.466666666666667,0.733038285837618,0,0,0,0,0,0,0,0,0,0,0,0,0
9.31,0.46,0,0.46,0.722566310325652,0,0,0,0,0,0,0,0,0,0,0,0,0
9.32,0.453333333333333,0,0.453333333333333,0.712094334813687,0,0,0,0,0,0,0,0,0,0,0,0,0
9.33,0.446666666666667,0,0.446666666666667,0.70162235930172,0,0,0,0,0,0,0,0,0,0,0,0,0
9.34,0.44,0,0.44,0.691150383789754,0,0,0,0,0,0,0,0,0,0,0,0,0
9.35,0.433333333333333,0,0.433333333333333,0.680678408277788,0,0,0,0,0,0,0,0,0,0,0,0,0
9.36,0.426666666666667,0,0.426666666666667,0.670206432765823,0,0,0,0,0,0,0,0,0,0,0,0,0
9.37,0.42,0,0.42,0.659734457253857,0,0,0,0,0,0,0,0,0,0,0,0,0
9.38,0.413333333333333,0,0.413333333333333,0.649262481741891,0,0,0,0,0,0,0,0,0,0,0,0,0
9.39,0.406666666666667,0,0.406666666666667,0.638790506229925,0,0,0,0,0,0,0,0,0,0,0,0,0
9.4,0.4,0,0.4,0.628318530717959,0,0,0,0,0,0,0,0,0,0,0,0,0
9.41,0.393333333333333,0,0.393333333333333,0.617846555205993,0,0,0,0,0,0,0,0,0,0,0,0,0
9.42,0.386666666666667,0,0.386666666666667,0.607374579694027,0,0,0,0,0,0,0,0,0,0,0,0,0
9.43,0.38,0,0.38,0.596902604182061,0,0,0,0,0,0,0,0,0,0,0,0,0
9.44,0.373333333333333,0,0.373333333333333,0.586430628670095,0,0,0,0,0,0,0,0,0,0,0,0,0
9.45,0.366666666666667,0,0.366666666666667,0.575958653158129,0,0,0,0,0,0,0,0,0,0,0,0,0
9.46,0.36,0,0.36,0.565486677646163,0,0,0,0,0,0,0,0,0,0,0,0,0
9.47,0.353333333333333,0,0.353333333333333,0.555014702134197,0,0,0,0,0,0,0,0,0,0,0,0,0
9.48,0.346666666666667,0,0.346666666666667,0.544542726622231,0,0,0,0,0,0,0,0,0,0,0,0,0
9.49,0.34,0,0.34,0.534070751110265,0,0,0,0,0,0,0,0,0,0,0,0,0
9.5,0.333333333333333,0,0.333333333333333,0.523598775598299,0,0,0,0,0,0,0,0,0,0,0,0,0
9.51,0.326666666666667,0,0.326666666666667,0.513126800086333,0,0,0,0,0,0,0,0,0,0,0,0,0
9.52,0.32,0,0.32,0.502654824574367,0,0,0,0,0,0,0,0,0,0,0,0,0
9.53,0.313333333333333,0,0.313333333333333,0.492182849062401,0,0,0,0,0,0,0,0,0,0,0,0,0
9.54,0.306666666666667,0,0.306666666666667,0.481710873550435,0,0,0,0,0,0,0,0,0,0,0,0,0
9.55,0.3,0,0.3,0.471238898038469,0,0,0,0,0,0,0,0,0,0,0,0,0
9.56,0.293333333333333,0,0.293333333333333,0.460766922526503,0,0,0,0,0,0,0,0,0,0,0,0,0
9.57,0.286666666666667,0,0.286666666666667,0.450294947014537,0,0,0,0,0,0,0,0,0,0,0,0,0
9.58,0.28,0,0.28,0.439822971502571,0,0,0,0,0,0,0,0,0,0,0,0,0
9.59,0.273333333333333,0,0.273333333333333,0.429350995990605,0,0,0,0,0,0,0,0,0,0,0,0,0
9.6,0.266666666666667,0,0.266666666666667,0.418879020478639,0,0,0,0,0,0,0,0,0,0,0,0,0
9.61,0.26,0,0.26,0.408407044966673,0,0,0,0,0,0,0,0,0,0,0,0,0
9.62,0.253333333333333,0,0.253333333333333,0.397935069454707,0,0,0,0,0,0,0,0,0,0,0,0,0
9.63,0.246666666666667,0,0.246666666666667,0.387463093942741,0,0,0,0,0,0,0,0,0,0,0,0,0
9.64,0.24,0,0.24,0.376991118430775,0,0,0,0,0,0,0,0,0,0,0,0,0
9.65,0.233333333333333,0,0.233333333333333,0.366519142918809,0,0,0,0,0,0,0,0,0,0,0,0,0
9.66,0.226666666666667,0,0.226666666666667,0.356047167406843,0,0,0,0,0,0,0,0,0,0,0,0,0
9.67,0.22,0,0.22,0.345575191894877,0,0,0,0,0,0,0,0,0,0,0,0,0
9.68,0.213333333333333,0,0.213333333333333,0.335103216382911,0,0,0,0,0,0,0,0,0,0,0,0,0
9.69,0.206666666666667,0,0.206666666666667,0.324631240870945,0,0,0,0,0,0,0,0,0,0,0,0,0
9.7,0.2,0,0.2,0.314159265358979,0,0,0,0,0,0,0,0,0,0,0,0,0
9.71,0.193333333333333,0,0.193333333333333,0.303687289847013,0,0,0,0,0,0,0,0,0,0,0,0,0
9.72,0.186666666666667,0,0.186666666666667,0.293215314335047,0,0,0,0,0,0,0,0,0,0,0,0,0
9.73,0.18,0,0.18,0.282743338823081,0,0,0,0,0,0,0,0,0,0,0,0,0
9.74,0.173333333333333,0,0.173333333333333,0.272271363311115,0,0,0,0,0,0,0,0,0,0,0,0,0
9.75,0.166666666666667,0,0.166666666666667,0.26179938779915,0,0,0,0,0,0,0,0,0,0,0,0,0
9.76,0.16,0,0.16,0.251327412287183,0,0,0,0,0,0,0,0,0,0,0,0,0
9.77,0.153333333333333,0,0.153333333333333,0.240855436775217,0,0,0,0,0,0,0,0,0,0,0,0,0
9.78,0.146666666666667,0,0.146666666666667,0.230383461263252,0,0,0,0,0,0,0,0,0,0,0,0,0
9.79,0.14,0,0.14,0.219911485751286,0,0,0,0,0,0,0,0,0,0,0,0,0
9.8,0.133333333333333,0,0.133333333333333,0.20943951023932,0,0,0,0,0,0,0,0,0,0,0,0,0
9.81,0.126666666666667,0,0.126666666666667,0.198967534727353,0,0,0,0,0,0,0,0,0,0,0,0,0
9.82,0.12,0,0.12,0.188495559215388,0,0,0,0,0,0,0,0,0,0,0,0,0
9.83,0.113333333333333,0,0.113333333333333,0.178023583703422,0,0,0,0,0,0,0,0,0,0,0,0,0
9.84,0.106666666666667,0,0.106666666666667,0.167551608191456,0,0,0,0,0,0,0,0,0,0,0,0,0
9.85,0.1,0,0.1,0.15707963267949,0,0,0,0,0,0,0,0,0,0,0,0,0
9.86,0.0933333333333334,0,0.0933333333333334,0.146607657167524,0,0,0,0,0,0,0,0,0,0,0,0,0
9.87,0.0866666666666667,0,0.0866666666666667,0.136135681655558,0,0,0,0,0,0,0,0,0,0,0,0,0
9.88,0.08,0,0.08,0.125663706143592,0,0,0,0,0,0,0,0,0,0,0,0,0
9.89,0.0733333333333334,0,0.0733333333333334,0.115191730631626,0,0,0,0,0,0,0,0,0,0,0,0,0
9.9,0.0666666666666667,0,0.0666666666666667,0.10471975511966,0,0,0,0,0,0,0,0,0,0,0,0,0
9.91,0.0600000000000001,0,0.0600000000000001,0.0942477796076939,0,0,0,0,0,0,0,0,0,0,0,0,0
9.92,0.0533333333333333,0,0.0533333333333333,0.0837758040957277,0,0,0,0,0,0,0,0,0,0,0,0,0
9.93,0.0466666666666666,0,0.0466666666666666,0.0733038285837617,0,0,0,0,0,0,0,0,0,0,0,0,0
9.94,0.04,0,0.04,0.062831853071796,0,0,0,0,0,0,0,0,0,0,0,0,0
9.95,0.0333333333333333,0,0.0333333333333333,0.05235987755983,0,0,0,0,0,0,0,0,0,0,0,0,0
9.96,0.0266666666666666,0,0.0266666666666666,0.041887902047864,0,0,0,0,0,0,0,0,0,0,0,0,0
9.97,0.02,0,0.02,0.0314159265358978,0,0,0,0,0,0,0,0,0,0,0,0,0
9.98,0.0133333333333333,0,0.0133333333333333,0.020943951023932,0,0,0,0,0,0,0,0,0,0,0,0,0
9.99,0.00666666666666671,0,0.00666666666666671,0.010471975511966,0,0,0,0,0,0,0,0,0,0,0,0,0
10,0,0,0,0,0,0,0,0,0,0,0,0,0,0,0,0,0
